host,ip,port,protocol,title,domain,country,city,link,org,region
https://43.128.3.79,43.128.3.79,443,https,403 Forbidden,,CN,Hong Kong,https://43.128.3.79,"Tencent Building, Kejizhongyi Avenue",HK
https://124.156.179.109,124.156.179.109,443,https,403 Forbidden,,CN,Hong Kong,https://124.156.179.109,"Tencent Building, Kejizhongyi Avenue",HK
https://cn.594001.xyz,101.32.187.204,443,https,,594001.xyz,CN,Hong Kong,https://cn.594001.xyz,"Tencent Building, Kejizhongyi Avenue",HK
https://119.28.4.129:81,119.28.4.129,81,https,403 Forbidden,,CN,Hong Kong,https://119.28.4.129:81,"Tencent Building, Kejizhongyi Avenue",HK
https://43.129.86.73:1024,43.129.86.73,1024,https,403 Forbidden,,CN,Hong Kong,https://43.129.86.73:1024,"Tencent Building, Kejizhongyi Avenue",HK
https://43.155.94.177:445,43.155.94.177,445,https,403 Forbidden,,CN,Hong Kong,https://43.155.94.177:445,"Tencent Building, Kejizhongyi Avenue",HK
https://124.156.147.197,124.156.147.197,443,https,403 Forbidden,,CN,Hong Kong,https://124.156.147.197,"Tencent Building, Kejizhongyi Avenue",HK
43.132.100.234:8080,43.132.100.234,8080,http,,,CN,Hong Kong,http://43.132.100.234:8080,"Tencent Building, Kejizhongyi Avenue",HK
https://119.28.32.27:8080,119.28.32.27,8080,https,403 Forbidden,,CN,Hong Kong,https://119.28.32.27:8080,"Tencent Building, Kejizhongyi Avenue",HK
https://43.128.63.252:4433,43.128.63.252,4433,https,403 Forbidden,,CN,Hong Kong,https://43.128.63.252:4433,"Tencent Building, Kejizhongyi Avenue",HK
https://43.132.182.63:4433,43.132.182.63,4433,https,403 Forbidden,,CN,Hong Kong,https://43.132.182.63:4433,"Tencent Building, Kejizhongyi Avenue",HK
https://119.28.25.56:4433,119.28.25.56,4433,https,403 Forbidden,,CN,Hong Kong,https://119.28.25.56:4433,"Tencent Building, Kejizhongyi Avenue",HK
https://119.28.75.34:3389,119.28.75.34,3389,https,403 Forbidden,,CN,Hong Kong,https://119.28.75.34:3389,"Tencent Building, Kejizhongyi Avenue",HK
https://101.32.183.135:4433,101.32.183.135,4433,https,403 Forbidden,,CN,Hong Kong,https://101.32.183.135:4433,"Tencent Building, Kejizhongyi Avenue",HK
https://129.226.61.41:4433,129.226.61.41,4433,https,403 Forbidden,,CN,Hong Kong,https://129.226.61.41:4433,"Tencent Building, Kejizhongyi Avenue",HK
https://150.109.72.184:4433,150.109.72.184,4433,https,403 Forbidden,,CN,Hong Kong,https://150.109.72.184:4433,"Tencent Building, Kejizhongyi Avenue",HK
https://43.154.169.218:4433,43.154.169.218,4433,https,403 Forbidden,,CN,Hong Kong,https://43.154.169.218:4433,"Tencent Building, Kejizhongyi Avenue",HK
https://43.154.154.115:4433,43.154.154.115,4433,https,403 Forbidden,,CN,Hong Kong,https://43.154.154.115:4433,"Tencent Building, Kejizhongyi Avenue",HK
https://119.28.8.68:4433,119.28.8.68,4433,https,403 Forbidden,,CN,Hong Kong,https://119.28.8.68:4433,"Tencent Building, Kejizhongyi Avenue",HK
https://101.32.77.78:4433,101.32.77.78,4433,https,403 Forbidden,,CN,Hong Kong,https://101.32.77.78:4433,"Tencent Building, Kejizhongyi Avenue",HK
https://43.154.181.209:4433,43.154.181.209,4433,https,403 Forbidden,,CN,Hong Kong,https://43.154.181.209:4433,"Tencent Building, Kejizhongyi Avenue",HK
https://43.129.84.35:4433,43.129.84.35,4433,https,403 Forbidden,,CN,Hong Kong,https://43.129.84.35:4433,"Tencent Building, Kejizhongyi Avenue",HK
https://43.154.205.50:4433,43.154.205.50,4433,https,403 Forbidden,,CN,Hong Kong,https://43.154.205.50:4433,"Tencent Building, Kejizhongyi Avenue",HK
https://43.132.108.115:4433,43.132.108.115,4433,https,403 Forbidden,,CN,Hong Kong,https://43.132.108.115:4433,"Tencent Building, Kejizhongyi Avenue",HK
https://124.156.161.235:9527,124.156.161.235,9527,https,403 Forbidden,,CN,Hong Kong,https://124.156.161.235:9527,"Tencent Building, Kejizhongyi Avenue",HK
https://43.159.0.33:5555,43.159.0.33,5555,https,403 Forbidden,,CN,Hong Kong,https://43.159.0.33:5555,"Tencent Building, Kejizhongyi Avenue",HK
129.226.9.104:8080,129.226.9.104,8080,http,,,CN,Hong Kong,http://129.226.9.104:8080,"Tencent Building, Kejizhongyi Avenue",HK
https://119.28.58.214:10005,119.28.58.214,10005,https,403 Forbidden,,CN,Hong Kong,https://119.28.58.214:10005,"Tencent Building, Kejizhongyi Avenue",HK
https://43.128.12.170,43.128.12.170,443,https,403 Forbidden,,CN,Hong Kong,https://43.128.12.170,"Tencent Building, Kejizhongyi Avenue",HK
https://124.156.129.206:6666,124.156.129.206,6666,https,403 Forbidden,,CN,Hong Kong,https://124.156.129.206:6666,"Tencent Building, Kejizhongyi Avenue",HK
https://150.109.60.69:4433,150.109.60.69,4433,https,403 Forbidden,,CN,Hong Kong,https://150.109.60.69:4433,"Tencent Building, Kejizhongyi Avenue",HK
https://119.28.93.41:4433,119.28.93.41,4433,https,403 Forbidden,,CN,Hong Kong,https://119.28.93.41:4433,"Tencent Building, Kejizhongyi Avenue",HK
https://119.28.65.24:4433,119.28.65.24,4433,https,403 Forbidden,,CN,Hong Kong,https://119.28.65.24:4433,"Tencent Building, Kejizhongyi Avenue",HK
https://129.226.138.113:4433,129.226.138.113,4433,https,403 Forbidden,,CN,Hong Kong,https://129.226.138.113:4433,"Tencent Building, Kejizhongyi Avenue",HK
https://43.135.42.94:4433,43.135.42.94,4433,https,403 Forbidden,,CN,Hong Kong,https://43.135.42.94:4433,"Tencent Building, Kejizhongyi Avenue",HK
https://119.28.52.88:4433,119.28.52.88,4433,https,403 Forbidden,,CN,Hong Kong,https://119.28.52.88:4433,"Tencent Building, Kejizhongyi Avenue",HK
https://150.109.126.137:4433,150.109.126.137,4433,https,403 Forbidden,,CN,Hong Kong,https://150.109.126.137:4433,"Tencent Building, Kejizhongyi Avenue",HK
https://43.154.124.11:4433,43.154.124.11,4433,https,403 Forbidden,,CN,Hong Kong,https://43.154.124.11:4433,"Tencent Building, Kejizhongyi Avenue",HK
https://150.109.116.209:4433,150.109.116.209,4433,https,403 Forbidden,,CN,Hong Kong,https://150.109.116.209:4433,"Tencent Building, Kejizhongyi Avenue",HK
https://150.109.103.251:4433,150.109.103.251,4433,https,403 Forbidden,,CN,Hong Kong,https://150.109.103.251:4433,"Tencent Building, Kejizhongyi Avenue",HK
https://150.109.117.61:4433,150.109.117.61,4433,https,403 Forbidden,,CN,Hong Kong,https://150.109.117.61:4433,"Tencent Building, Kejizhongyi Avenue",HK
https://119.28.214.247:4433,119.28.214.247,4433,https,403 Forbidden,,CN,Hong Kong,https://119.28.214.247:4433,"Tencent Building, Kejizhongyi Avenue",HK
https://124.156.101.98:4433,124.156.101.98,4433,https,403 Forbidden,,CN,Hong Kong,https://124.156.101.98:4433,"Tencent Building, Kejizhongyi Avenue",HK
https://43.135.5.73,43.135.5.73,443,https,403 Forbidden,,CN,Hong Kong,https://43.135.5.73,"Tencent Building, Kejizhongyi Avenue",HK
https://43.132.223.144:4433,43.132.223.144,4433,https,403 Forbidden,,CN,Hong Kong,https://43.132.223.144:4433,"Tencent Building, Kejizhongyi Avenue",HK
https://43.154.236.53,43.154.236.53,443,https,403 Forbidden,,CN,Hong Kong,https://43.154.236.53,"Tencent Building, Kejizhongyi Avenue",HK
https://43.159.196.17,43.159.196.17,443,https,403 Forbidden,,CN,Hong Kong,https://43.159.196.17,"Tencent Building, Kejizhongyi Avenue",HK
https://43.154.93.211:4433,43.154.93.211,4433,https,403 Forbidden,,CN,Hong Kong,https://43.154.93.211:4433,"Tencent Building, Kejizhongyi Avenue",HK
https://43.154.242.158:4433,43.154.242.158,4433,https,403 Forbidden,,CN,Hong Kong,https://43.154.242.158:4433,"Tencent Building, Kejizhongyi Avenue",HK
https://129.226.137.11:4433,129.226.137.11,4433,https,403 Forbidden,,CN,Hong Kong,https://129.226.137.11:4433,"Tencent Building, Kejizhongyi Avenue",HK
https://43.135.74.14:4433,43.135.74.14,4433,https,403 Forbidden,,CN,Hong Kong,https://43.135.74.14:4433,"Tencent Building, Kejizhongyi Avenue",HK
https://119.28.51.172:4433,119.28.51.172,4433,https,403 Forbidden,,CN,Hong Kong,https://119.28.51.172:4433,"Tencent Building, Kejizhongyi Avenue",HK
https://43.154.132.220:23,43.154.132.220,23,https,403 Forbidden,,CN,Hong Kong,https://43.154.132.220:23,"Tencent Building, Kejizhongyi Avenue",HK
https://101.32.15.202,101.32.15.202,443,https,403 Forbidden,,CN,Hong Kong,https://101.32.15.202,"Tencent Building, Kejizhongyi Avenue",HK
129.226.99.67:8080,129.226.99.67,8080,http,,,CN,Hong Kong,http://129.226.99.67:8080,"Tencent Building, Kejizhongyi Avenue",HK
43.132.100.19:8080,43.132.100.19,8080,http,,,CN,Hong Kong,http://43.132.100.19:8080,"Tencent Building, Kejizhongyi Avenue",HK
https://101.32.45.95,101.32.45.95,443,https,,,CN,Hong Kong,https://101.32.45.95,"Tencent Building, Kejizhongyi Avenue",HK
https://zt0zt.space,43.154.236.53,443,https,403 Forbidden,zt0zt.space,CN,Hong Kong,https://zt0zt.space,"Tencent Building, Kejizhongyi Avenue",HK
https://www.zt0zt.space,43.154.236.53,443,https,403 Forbidden,zt0zt.space,CN,Hong Kong,https://www.zt0zt.space,"Tencent Building, Kejizhongyi Avenue",HK
https://129.226.119.198,129.226.119.198,443,https,403 Forbidden,,CN,Hong Kong,https://129.226.119.198,"Tencent Building, Kejizhongyi Avenue",HK
https://gzbxyy.huizhoufuli.com,119.28.52.171,443,https,,huizhoufuli.com,CN,Hong Kong,https://gzbxyy.huizhoufuli.com,"Tencent Building, Kejizhongyi Avenue",HK
https://wlyc.necnev.com,119.28.52.171,443,https,,necnev.com,CN,Hong Kong,https://wlyc.necnev.com,"Tencent Building, Kejizhongyi Avenue",HK
43.132.100.56:8080,43.132.100.56,8080,http,,,CN,Hong Kong,http://43.132.100.56:8080,"Tencent Building, Kejizhongyi Avenue",HK
https://zxkefu.huizhoufuli.com,119.28.52.171,443,https,,huizhoufuli.com,CN,Hong Kong,https://zxkefu.huizhoufuli.com,"Tencent Building, Kejizhongyi Avenue",HK
https://a.tomdrx.cloudns.ph,43.135.44.101,443,https,,cloudns.ph,CN,Hong Kong,https://a.tomdrx.cloudns.ph,"Tencent Building, Kejizhongyi Avenue",HK
https://b.tomdrx.cloudns.ph,43.129.216.150,443,https,,cloudns.ph,CN,Hong Kong,https://b.tomdrx.cloudns.ph,"Tencent Building, Kejizhongyi Avenue",HK
https://124.156.126.246:8443,124.156.126.246,8443,https,403 Forbidden,,CN,Hong Kong,https://124.156.126.246:8443,"Tencent Building, Kejizhongyi Avenue",HK
https://43.135.75.121:8443,43.135.75.121,8443,https,403 Forbidden,,CN,Hong Kong,https://43.135.75.121:8443,"Tencent Building, Kejizhongyi Avenue",HK
https://api.huizhoufuli.com,119.28.52.171,443,https,,huizhoufuli.com,CN,Hong Kong,https://api.huizhoufuli.com,"Tencent Building, Kejizhongyi Avenue",HK
api.huizhoufuli.com,119.28.52.171,80,http,,huizhoufuli.com,CN,Hong Kong,http://api.huizhoufuli.com,"Tencent Building, Kejizhongyi Avenue",HK
https://m.wfbaojie.com,119.28.52.171,443,https,,wfbaojie.com,CN,Hong Kong,https://m.wfbaojie.com,"Tencent Building, Kejizhongyi Avenue",HK
https://43.155.22.176,43.155.22.176,443,https,403 Forbidden,,CN,Hong Kong,https://43.155.22.176,"Tencent Building, Kejizhongyi Avenue",HK
43.132.100.40:8080,43.132.100.40,8080,http,,,CN,Hong Kong,http://43.132.100.40:8080,"Tencent Building, Kejizhongyi Avenue",HK
https://101.32.187.204,101.32.187.204,443,https,403 Forbidden,,CN,Hong Kong,https://101.32.187.204,"Tencent Building, Kejizhongyi Avenue",HK
https://m.yike120.com,119.28.52.171,443,https,,yike120.com,CN,Hong Kong,https://m.yike120.com,"Tencent Building, Kejizhongyi Avenue",HK
https://43.132.108.112,43.132.108.112,443,https,403 Forbidden,,CN,Hong Kong,https://43.132.108.112,"Tencent Building, Kejizhongyi Avenue",HK
https://124.156.183.214,124.156.183.214,443,https,403 Forbidden,,CN,Hong Kong,https://124.156.183.214,"Tencent Building, Kejizhongyi Avenue",HK
https://43.154.12.166,43.154.12.166,443,https,403 Forbidden,,CN,Hong Kong,https://43.154.12.166,"Tencent Building, Kejizhongyi Avenue",HK
https://43.129.216.150,43.129.216.150,443,https,403 Forbidden,,CN,Hong Kong,https://43.129.216.150,"Tencent Building, Kejizhongyi Avenue",HK
https://101.33.116.122,101.33.116.122,443,https,403 Forbidden,,CN,Hong Kong,https://101.33.116.122,"Tencent Building, Kejizhongyi Avenue",HK
124.156.108.245:8080,124.156.108.245,8080,http,,,CN,Hong Kong,http://124.156.108.245:8080,"Tencent Building, Kejizhongyi Avenue",HK
https://43.154.92.218:4433,43.154.92.218,4433,https,403 Forbidden,,CN,Hong Kong,https://43.154.92.218:4433,"Tencent Building, Kejizhongyi Avenue",HK
https://129.226.57.12:4433,129.226.57.12,4433,https,403 Forbidden,,CN,Hong Kong,https://129.226.57.12:4433,"Tencent Building, Kejizhongyi Avenue",HK
https://124.156.108.147:4433,124.156.108.147,4433,https,403 Forbidden,,CN,Hong Kong,https://124.156.108.147:4433,"Tencent Building, Kejizhongyi Avenue",HK
https://43.135.46.167:4433,43.135.46.167,4433,https,403 Forbidden,,CN,Hong Kong,https://43.135.46.167:4433,"Tencent Building, Kejizhongyi Avenue",HK
https://43.155.20.137:8250,43.155.20.137,8250,https,403 Forbidden,,CN,Hong Kong,https://43.155.20.137:8250,"Tencent Building, Kejizhongyi Avenue",HK
101.32.74.215:7070,101.32.74.215,7070,http,,,CN,Hong Kong,http://101.32.74.215:7070,"Tencent Building, Kejizhongyi Avenue",HK
https://43.134.221.130,43.134.221.130,443,https,403 Forbidden,,CN,Hong Kong,https://43.134.221.130,"Tencent Building, Kejizhongyi Avenue",HK
https://rankingdesign.com,43.129.237.213,443,https,403 Forbidden,rankingdesign.com,CN,Hong Kong,https://rankingdesign.com,"Tencent Building, Kejizhongyi Avenue",HK
https://43.154.182.29:4433,43.154.182.29,4433,https,403 Forbidden,,CN,Hong Kong,https://43.154.182.29:4433,"Tencent Building, Kejizhongyi Avenue",HK
https://api.nankoyo.com,43.154.236.53,443,https,Just a moment...,nankoyo.com,CN,Hong Kong,https://api.nankoyo.com,"Tencent Building, Kejizhongyi Avenue",HK
https://124.156.159.68:18443,124.156.159.68,18443,https,403 Forbidden,,CN,Hong Kong,https://124.156.159.68:18443,"Tencent Building, Kejizhongyi Avenue",HK
https://cors.aston.run.place,124.156.183.214,443,https,,run.place,CN,Hong Kong,https://cors.aston.run.place,"Tencent Building, Kejizhongyi Avenue",HK
https://cdn.taozhiyu.tk,43.155.92.133,443,https,,taozhiyu.tk,CN,Hong Kong,https://cdn.taozhiyu.tk,"Tencent Building, Kejizhongyi Avenue",HK
b.yocastycarkey.com:2082,43.129.235.249,2082,http,Attention Required! | Cloudflare,yocastycarkey.com,CN,Hong Kong,http://b.yocastycarkey.com:2082,"Tencent Building, Kejizhongyi Avenue",HK
https://0dc.cn,43.154.185.165,443,https,403 Forbidden,0dc.cn,CN,Hong Kong,https://0dc.cn,"Tencent Building, Kejizhongyi Avenue",HK
0dc.cn,43.154.185.165,80,http,403 Forbidden,0dc.cn,CN,Hong Kong,http://0dc.cn,"Tencent Building, Kejizhongyi Avenue",HK
https://deeplx.owo233.xyz,124.156.183.214,443,https,,owo233.xyz,CN,Hong Kong,https://deeplx.owo233.xyz,"Tencent Building, Kejizhongyi Avenue",HK
https://astraldust.com.cn,119.28.193.163,443,https,Direct IP access not allowed | Cloudflare,astraldust.com.cn,CN,Hong Kong,https://astraldust.com.cn,"Tencent Building, Kejizhongyi Avenue",HK
https://posts.bar,124.156.113.67,443,https,Attention Required! | Cloudflare,posts.bar,CN,Hong Kong,https://posts.bar,"Tencent Building, Kejizhongyi Avenue",HK
https://101-32-10-47.nip.io,101.32.10.47,443,https,403 Forbidden,nip.io,CN,Hong Kong,https://101-32-10-47.nip.io,"Tencent Building, Kejizhongyi Avenue",HK
https://back-cdn.3693.nyc.mn,43.135.5.73,443,https,DNS points to prohibited IP | back-cdn.3693.nyc.mn | Cloudflare,3693.nyc.mn,CN,Hong Kong,https://back-cdn.3693.nyc.mn,"Tencent Building, Kejizhongyi Avenue",HK
https://video.tangxiaowu.eu.org,43.135.5.73,443,https,Serv00.com - Free Website Hosting - 403 Website blocked,tangxiaowu.eu.org,CN,Hong Kong,https://video.tangxiaowu.eu.org,"Tencent Building, Kejizhongyi Avenue",HK
uobpolnt.top,129.226.118.199,80,http,Attention Required! | Cloudflare,uobpolnt.top,CN,Hong Kong,http://uobpolnt.top,"Tencent Building, Kejizhongyi Avenue",HK
https://101.32.10.47,101.32.10.47,443,https,403 Forbidden,,CN,Hong Kong,https://101.32.10.47,"Tencent Building, Kejizhongyi Avenue",HK
https://43.155.19.177:4433,43.155.19.177,4433,https,403 Forbidden,,CN,Hong Kong,https://43.155.19.177:4433,"Tencent Building, Kejizhongyi Avenue",HK
43.154.13.109:3000,43.154.13.109,3000,http,Just a moment...,,CN,Hong Kong,http://43.154.13.109:3000,"Tencent Building, Kejizhongyi Avenue",HK
https://zan.sxxw.cn,43.135.5.73,443,https,403 Forbidden,sxxw.cn,CN,Hong Kong,https://zan.sxxw.cn,"Tencent Building, Kejizhongyi Avenue",HK
https://43.134.215.220,43.134.215.220,443,https,403 Forbidden,,CN,Hong Kong,https://43.134.215.220,"Tencent Building, Kejizhongyi Avenue",HK
zzzzzz.me:2095,43.129.84.71,2095,http,Just a moment...,zzzzzz.me,CN,Hong Kong,http://zzzzzz.me:2095,"Tencent Building, Kejizhongyi Avenue",HK
https://site.hbee.news,43.155.92.133,443,https,,hbee.news,CN,Hong Kong,https://site.hbee.news,"Tencent Building, Kejizhongyi Avenue",HK
xyb.img.hbee.news,124.156.147.197,80,http,,hbee.news,CN,Hong Kong,http://xyb.img.hbee.news,"Tencent Building, Kejizhongyi Avenue",HK
https://xyb.img.hbee.news,124.156.147.197,443,https,,hbee.news,CN,Hong Kong,https://xyb.img.hbee.news,"Tencent Building, Kejizhongyi Avenue",HK
https://43.154.201.29:8443,43.154.201.29,8443,https,403 Forbidden,,CN,Hong Kong,https://43.154.201.29:8443,"Tencent Building, Kejizhongyi Avenue",HK
zzzzzz.me,43.129.84.71,80,http,Just a moment...,zzzzzz.me,CN,Hong Kong,http://zzzzzz.me,"Tencent Building, Kejizhongyi Avenue",HK
https://origin-xietest-cdnres-bak.4399en.com,124.156.183.214,443,https,403 Forbidden,4399en.com,CN,Hong Kong,https://origin-xietest-cdnres-bak.4399en.com,"Tencent Building, Kejizhongyi Avenue",HK
www.sanye.us.kg,43.135.5.73,80,http,,us.kg,CN,Hong Kong,http://www.sanye.us.kg,"Tencent Building, Kejizhongyi Avenue",HK
https://43.129.171.137,43.129.171.137,443,https,403 Forbidden,,CN,Hong Kong,https://43.129.171.137,"Tencent Building, Kejizhongyi Avenue",HK
https://api.tuzi.douyin.pinduoduo.jd00.ggff.net,124.156.183.214,443,https,403 Forbidden,ggff.net,CN,Hong Kong,https://api.tuzi.douyin.pinduoduo.jd00.ggff.net,"Tencent Building, Kejizhongyi Avenue",HK
https://43.154.119.202,43.154.119.202,443,https,403 Forbidden,,CN,Hong Kong,https://43.154.119.202,"Tencent Building, Kejizhongyi Avenue",HK
https://alist.nankoyo.com,43.154.236.53,443,https,Just a moment...,nankoyo.com,CN,Hong Kong,https://alist.nankoyo.com,"Tencent Building, Kejizhongyi Avenue",HK
https://status.nankoyo.com,43.135.5.73,443,https,Just a moment...,nankoyo.com,CN,Hong Kong,https://status.nankoyo.com,"Tencent Building, Kejizhongyi Avenue",HK
https://mocalnlao.top,129.226.118.199,443,https,Attention Required! | Cloudflare,mocalnlao.top,CN,Hong Kong,https://mocalnlao.top,"Tencent Building, Kejizhongyi Avenue",HK
mocalnlao.top,129.226.118.199,80,http,Attention Required! | Cloudflare,mocalnlao.top,CN,Hong Kong,http://mocalnlao.top,"Tencent Building, Kejizhongyi Avenue",HK
https://ap.zeit.fun,124.156.147.197,443,https,,zeit.fun,CN,Hong Kong,https://ap.zeit.fun,"Tencent Building, Kejizhongyi Avenue",HK
https://d.srv.pub,43.135.5.73,443,https,,srv.pub,CN,Hong Kong,https://d.srv.pub,"Tencent Building, Kejizhongyi Avenue",HK
https://124.156.117.217:4433,124.156.117.217,4433,https,403 Forbidden,,CN,Hong Kong,https://124.156.117.217:4433,"Tencent Building, Kejizhongyi Avenue",HK
https://xiao.4399yyy.com,124.156.183.214,443,https,403 Forbidden,4399yyy.com,CN,Hong Kong,https://xiao.4399yyy.com,"Tencent Building, Kejizhongyi Avenue",HK
smairt.icu,124.156.113.67,80,http,Attention Required! | Cloudflare,smairt.icu,CN,Hong Kong,http://smairt.icu,"Tencent Building, Kejizhongyi Avenue",HK
https://www.taozhiyu.tk,124.156.183.214,443,https,,taozhiyu.tk,CN,Hong Kong,https://www.taozhiyu.tk,"Tencent Building, Kejizhongyi Avenue",HK
https://abcd123.philboy.cf,43.154.236.53,443,https,403 Forbidden,philboy.cf,CN,Hong Kong,https://abcd123.philboy.cf,"Tencent Building, Kejizhongyi Avenue",HK
diamondstarglass.com,150.109.106.229,80,http,Just a moment...,diamondstarglass.com,CN,Hong Kong,http://diamondstarglass.com,"Tencent Building, Kejizhongyi Avenue",HK
https://43.155.92.133,43.155.92.133,443,https,403 Forbidden,,CN,Hong Kong,https://43.155.92.133,"Tencent Building, Kejizhongyi Avenue",HK
https://150.109.122.197,150.109.122.197,443,https,403 Forbidden,,CN,Hong Kong,https://150.109.122.197,"Tencent Building, Kejizhongyi Avenue",HK
teiegram-thj.click,150.109.100.138,80,http,Just a moment...,teiegram-thj.click,CN,Hong Kong,http://teiegram-thj.click,"Tencent Building, Kejizhongyi Avenue",HK
https://siteproxy.okkkk.tk,124.156.147.197,443,https,,okkkk.tk,CN,Hong Kong,https://siteproxy.okkkk.tk,"Tencent Building, Kejizhongyi Avenue",HK
https://images.fuckcloudnative.io,124.156.183.214,443,https,403 Forbidden,fuckcloudnative.io,CN,Hong Kong,https://images.fuckcloudnative.io,"Tencent Building, Kejizhongyi Avenue",HK
https://43.154.182.110:12298,43.154.182.110,12298,https,403 Forbidden,,CN,Hong Kong,https://43.154.182.110:12298,"Tencent Building, Kejizhongyi Avenue",HK
https://nav.nankoyo.com,124.156.147.197,443,https,Just a moment...,nankoyo.com,CN,Hong Kong,https://nav.nankoyo.com,"Tencent Building, Kejizhongyi Avenue",HK
https://43.154.58.87:8443,43.154.58.87,8443,https,403 Forbidden,,CN,Hong Kong,https://43.154.58.87:8443,"Tencent Building, Kejizhongyi Avenue",HK
https://43.161.226.153:12345,43.161.226.153,12345,https,403 Forbidden,,CN,Hong Kong,https://43.161.226.153:12345,"Tencent Building, Kejizhongyi Avenue",HK
https://129-226-119-198.nip.io,129.226.119.198,443,https,403 Forbidden,nip.io,CN,Hong Kong,https://129-226-119-198.nip.io,"Tencent Building, Kejizhongyi Avenue",HK
https://43.128.3.113:8443,43.128.3.113,8443,https,403 Forbidden,,CN,Hong Kong,https://43.128.3.113:8443,"Tencent Building, Kejizhongyi Avenue",HK
https://tg-login-a.top,150.109.100.138,443,https,Attention Required! | Cloudflare,tg-login-a.top,CN,Hong Kong,https://tg-login-a.top,"Tencent Building, Kejizhongyi Avenue",HK
https://ros.aihao.de,101.32.15.202,443,https,"
    LEDE - LuCI
    ",aihao.de,CN,Hong Kong,https://ros.aihao.de,"Tencent Building, Kejizhongyi Avenue",HK
https://tool.param.us.kg,124.156.183.214,443,https,DNS points to prohibited IP | tool.param.us.kg | Cloudflare,us.kg,CN,Hong Kong,https://tool.param.us.kg,"Tencent Building, Kejizhongyi Avenue",HK
43.155.22.176,43.155.22.176,80,http,,,CN,Hong Kong,http://43.155.22.176,"Tencent Building, Kejizhongyi Avenue",HK
43.129.171.137,43.129.171.137,80,http,,,CN,Hong Kong,http://43.129.171.137,"Tencent Building, Kejizhongyi Avenue",HK
a.photo-stock.shop,101.32.68.154,80,http,Edge IP Restricted | a.photo-stock.shop | Cloudflare,photo-stock.shop,CN,Hong Kong,http://a.photo-stock.shop,"Tencent Building, Kejizhongyi Avenue",HK
https://101.32.222.143:2333,101.32.222.143,2333,https,403 Forbidden,,CN,Hong Kong,https://101.32.222.143:2333,"Tencent Building, Kejizhongyi Avenue",HK
https://twggl.top,119.28.206.55,443,https,403 Forbidden,twggl.top,CN,Hong Kong,https://twggl.top,"Tencent Building, Kejizhongyi Avenue",HK
https://img.minami.us.kg,43.154.236.53,443,https,,us.kg,CN,Hong Kong,https://img.minami.us.kg,"Tencent Building, Kejizhongyi Avenue",HK
https://43-155-92-133.nip.io,43.155.92.133,443,https,403 Forbidden,nip.io,CN,Hong Kong,https://43-155-92-133.nip.io,"Tencent Building, Kejizhongyi Avenue",HK
101.32.206.111:8789,101.32.206.111,8789,http,,,CN,Hong Kong,http://101.32.206.111:8789,"Tencent Building, Kejizhongyi Avenue",HK
101.32.206.111:8788,101.32.206.111,8788,http,,,CN,Hong Kong,http://101.32.206.111:8788,"Tencent Building, Kejizhongyi Avenue",HK
101.32.206.111:8787,101.32.206.111,8787,http,,,CN,Hong Kong,http://101.32.206.111:8787,"Tencent Building, Kejizhongyi Avenue",HK
gupiao99.top,43.132.132.83,80,http,,gupiao99.top,CN,Hong Kong,http://gupiao99.top,"Tencent Building, Kejizhongyi Avenue",HK
https://api.api.runapi.cfd,129.226.119.198,443,https,403 Forbidden,runapi.cfd,CN,Hong Kong,https://api.api.runapi.cfd,"Tencent Building, Kejizhongyi Avenue",HK
https://pan.870226.xyz,150.109.122.197,443,https,403 Forbidden,870226.xyz,CN,Hong Kong,https://pan.870226.xyz,"Tencent Building, Kejizhongyi Avenue",HK
https://downloads.whisper-miao.com,43.154.119.202,443,https,,whisper-miao.com,CN,Hong Kong,https://downloads.whisper-miao.com,"Tencent Building, Kejizhongyi Avenue",HK
https://43.154.167.93:888,43.154.167.93,888,https,403 Forbidden,,CN,Hong Kong,https://43.154.167.93:888,"Tencent Building, Kejizhongyi Avenue",HK
https://cfcdn.cozer.top,101.33.116.122,443,https,,cozer.top,CN,Hong Kong,https://cfcdn.cozer.top,"Tencent Building, Kejizhongyi Avenue",HK
https://ootv.kr,119.28.56.189,443,https,403 Forbidden,ootv.kr,CN,Hong Kong,https://ootv.kr,"Tencent Building, Kejizhongyi Avenue",HK
https://150.109.67.129,150.109.67.129,443,https,403 Forbidden,,CN,Hong Kong,https://150.109.67.129,"Tencent Building, Kejizhongyi Avenue",HK
https://edge.0804888.xyz,124.156.183.214,443,https,,0804888.xyz,CN,Hong Kong,https://edge.0804888.xyz,"Tencent Building, Kejizhongyi Avenue",HK
https://119.28.72.133:4433,119.28.72.133,4433,https,403 Forbidden,,CN,Hong Kong,https://119.28.72.133:4433,"Tencent Building, Kejizhongyi Avenue",HK
https://129.226.186.65:4433,129.226.186.65,4433,https,403 Forbidden,,CN,Hong Kong,https://129.226.186.65:4433,"Tencent Building, Kejizhongyi Avenue",HK
https://43-154-119-202.nip.io,43.154.119.202,443,https,403 Forbidden,nip.io,CN,Hong Kong,https://43-154-119-202.nip.io,"Tencent Building, Kejizhongyi Avenue",HK
https://www.yizhan.wiki,43.154.119.202,443,https,,yizhan.wiki,CN,Hong Kong,https://www.yizhan.wiki,"Tencent Building, Kejizhongyi Avenue",HK
https://101.32.181.47:3583,101.32.181.47,3583,https,403 Forbidden,,CN,Hong Kong,https://101.32.181.47:3583,"Tencent Building, Kejizhongyi Avenue",HK
https://test.taskauto.me,124.156.147.197,443,https,Just a moment...,taskauto.me,CN,Hong Kong,https://test.taskauto.me,"Tencent Building, Kejizhongyi Avenue",HK
https://124.156.121.124:4433,124.156.121.124,4433,https,403 Forbidden,,CN,Hong Kong,https://124.156.121.124:4433,"Tencent Building, Kejizhongyi Avenue",HK
https://43.154.94.105:4433,43.154.94.105,4433,https,403 Forbidden,,CN,Hong Kong,https://43.154.94.105:4433,"Tencent Building, Kejizhongyi Avenue",HK
https://124.156.116.80:4433,124.156.116.80,4433,https,403 Forbidden,,CN,Hong Kong,https://124.156.116.80:4433,"Tencent Building, Kejizhongyi Avenue",HK
https://101.32.52.56:4433,101.32.52.56,4433,https,403 Forbidden,,CN,Hong Kong,https://101.32.52.56:4433,"Tencent Building, Kejizhongyi Avenue",HK
https://43.159.199.58:6161,43.159.199.58,6161,https,403 Forbidden,,CN,Hong Kong,https://43.159.199.58:6161,"Tencent Building, Kejizhongyi Avenue",HK
https://129.226.48.138:4433,129.226.48.138,4433,https,403 Forbidden,,CN,Hong Kong,https://129.226.48.138:4433,"Tencent Building, Kejizhongyi Avenue",HK
https://43.154.122.130:4433,43.154.122.130,4433,https,403 Forbidden,,CN,Hong Kong,https://43.154.122.130:4433,"Tencent Building, Kejizhongyi Avenue",HK
https://cdn12.glms.gq,43.135.5.73,443,https,,glms.gq,CN,Hong Kong,https://cdn12.glms.gq,"Tencent Building, Kejizhongyi Avenue",HK
https://www.27785635.xyz,43.154.236.53,443,https,403 Forbidden,27785635.xyz,CN,Hong Kong,https://www.27785635.xyz,"Tencent Building, Kejizhongyi Avenue",HK
https://twmhk.top,119.28.206.55,443,https,403 Forbidden,twmhk.top,CN,Hong Kong,https://twmhk.top,"Tencent Building, Kejizhongyi Avenue",HK
twmhk.top,119.28.206.55,80,http,403 Forbidden,twmhk.top,CN,Hong Kong,http://twmhk.top,"Tencent Building, Kejizhongyi Avenue",HK
icun.asia,119.28.206.55,80,http,403 Forbidden,icun.asia,CN,Hong Kong,http://icun.asia,"Tencent Building, Kejizhongyi Avenue",HK
https://43.132.198.204:44322,43.132.198.204,44322,https,403 Forbidden,,CN,Hong Kong,https://43.132.198.204:44322,"Tencent Building, Kejizhongyi Avenue",HK
https://124.156.178.127:4433,124.156.178.127,4433,https,403 Forbidden,,CN,Hong Kong,https://124.156.178.127:4433,"Tencent Building, Kejizhongyi Avenue",HK
https://150.109.112.30,150.109.112.30,443,https,403 Forbidden,,CN,Hong Kong,https://150.109.112.30,"Tencent Building, Kejizhongyi Avenue",HK
https://43.154.108.160,43.154.108.160,443,https,403 Forbidden,,CN,Hong Kong,https://43.154.108.160,"Tencent Building, Kejizhongyi Avenue",HK
sykindergarten.com,43.154.94.54,80,http,403 Forbidden,sykindergarten.com,CN,Hong Kong,http://sykindergarten.com,"Tencent Building, Kejizhongyi Avenue",HK
https://43.134.201.85:3174,43.134.201.85,3174,https,403 Forbidden,,CN,Hong Kong,https://43.134.201.85:3174,"Tencent Building, Kejizhongyi Avenue",HK
https://101.32.32.93:3143,101.32.32.93,3143,https,403 Forbidden,,CN,Hong Kong,https://101.32.32.93:3143,"Tencent Building, Kejizhongyi Avenue",HK
43.154.3.225:9000,43.154.3.225,9000,http,,,CN,Hong Kong,http://43.154.3.225:9000,"Tencent Building, Kejizhongyi Avenue",HK
https://129.226.119.249:4433,129.226.119.249,4433,https,403 Forbidden,,CN,Hong Kong,https://129.226.119.249:4433,"Tencent Building, Kejizhongyi Avenue",HK
https://119.28.176.154:4433,119.28.176.154,4433,https,403 Forbidden,,CN,Hong Kong,https://119.28.176.154:4433,"Tencent Building, Kejizhongyi Avenue",HK
https://fs304.com.cn,43.129.171.137,443,https,403 Forbidden,fs304.com.cn,CN,Hong Kong,https://fs304.com.cn,"Tencent Building, Kejizhongyi Avenue",HK
https://qmztnl.xyz,43.155.40.145,443,https,403 Forbidden,qmztnl.xyz,CN,Hong Kong,https://qmztnl.xyz,"Tencent Building, Kejizhongyi Avenue",HK
https://test.4399yyy.com,124.156.183.214,443,https,403 Forbidden,4399yyy.com,CN,Hong Kong,https://test.4399yyy.com,"Tencent Building, Kejizhongyi Avenue",HK
https://119.28.91.87:1973,119.28.91.87,1973,https,403 Forbidden,,CN,Hong Kong,https://119.28.91.87:1973,"Tencent Building, Kejizhongyi Avenue",HK
https://43.135.87.33:442,43.135.87.33,442,https,403 Forbidden,,CN,Hong Kong,https://43.135.87.33:442,"Tencent Building, Kejizhongyi Avenue",HK
https://hk.meloncat.top,43.135.5.73,443,https,DNS points to prohibited IP | hk.meloncat.top | Cloudflare,meloncat.top,CN,Hong Kong,https://hk.meloncat.top,"Tencent Building, Kejizhongyi Avenue",HK
https://119.28.85.128:4433,119.28.85.128,4433,https,403 Forbidden,,CN,Hong Kong,https://119.28.85.128:4433,"Tencent Building, Kejizhongyi Avenue",HK
https://test.touzhele.eu.org,43.135.5.73,443,https,DNS points to prohibited IP | test.touzhele.eu.org | Cloudflare,touzhele.eu.org,CN,Hong Kong,https://test.touzhele.eu.org,"Tencent Building, Kejizhongyi Avenue",HK
https://api.suioshop.com,43.135.5.73,443,https,403 Forbidden,suioshop.com,CN,Hong Kong,https://api.suioshop.com,"Tencent Building, Kejizhongyi Avenue",HK
https://43.132.224.75:52010,43.132.224.75,52010,https,403 Forbidden,,CN,Hong Kong,https://43.132.224.75:52010,"Tencent Building, Kejizhongyi Avenue",HK
https://http-aramexhk.bond,43.154.60.136,443,https,403 Forbidden,http-aramexhk.bond,CN,Hong Kong,https://http-aramexhk.bond,"Tencent Building, Kejizhongyi Avenue",HK
https://careljewelry.com:2096,43.129.94.60,2096,https,Attention Required! | Cloudflare,careljewelry.com,CN,Hong Kong,https://careljewelry.com:2096,"Tencent Building, Kejizhongyi Avenue",HK
https://43.154.193.17:4433,43.154.193.17,4433,https,403 Forbidden,,CN,Hong Kong,https://43.154.193.17:4433,"Tencent Building, Kejizhongyi Avenue",HK
https://101.32.36.145:4433,101.32.36.145,4433,https,403 Forbidden,,CN,Hong Kong,https://101.32.36.145:4433,"Tencent Building, Kejizhongyi Avenue",HK
https://auto.smallbee.me,43.154.236.53,443,https,,smallbee.me,CN,Hong Kong,https://auto.smallbee.me,"Tencent Building, Kejizhongyi Avenue",HK
https://43.154.20.229,43.154.20.229,443,https,403 Forbidden,,CN,Hong Kong,https://43.154.20.229,"Tencent Building, Kejizhongyi Avenue",HK
aramaafxj.cyou,43.154.60.136,80,http,403 Forbidden,aramaafxj.cyou,CN,Hong Kong,http://aramaafxj.cyou,"Tencent Building, Kejizhongyi Avenue",HK
https://alist-proxy.kafuchino.top,124.156.183.214,443,https,,kafuchino.top,CN,Hong Kong,https://alist-proxy.kafuchino.top,"Tencent Building, Kejizhongyi Avenue",HK
https://43.132.153.212:30001,43.132.153.212,30001,https,403 Forbidden,,CN,Hong Kong,https://43.132.153.212:30001,"Tencent Building, Kejizhongyi Avenue",HK
https://a.111997.xyz,124.156.147.197,443,https,DNS points to prohibited IP | a.111997.xyz | Cloudflare,111997.xyz,CN,Hong Kong,https://a.111997.xyz,"Tencent Building, Kejizhongyi Avenue",HK
usa.ooai.tech,124.156.147.197,80,http,,ooai.tech,CN,Hong Kong,http://usa.ooai.tech,"Tencent Building, Kejizhongyi Avenue",HK
https://usa.ooai.tech:8443,43.154.236.53,8443,https,,ooai.tech,CN,Hong Kong,https://usa.ooai.tech:8443,"Tencent Building, Kejizhongyi Avenue",HK
https://43.129.160.73:8443,43.129.160.73,8443,https,403 Forbidden,,CN,Hong Kong,https://43.129.160.73:8443,"Tencent Building, Kejizhongyi Avenue",HK
43.154.96.33,43.154.96.33,80,http,,,CN,Hong Kong,http://43.154.96.33,"Tencent Building, Kejizhongyi Avenue",HK
43.154.149.64:9000,43.154.149.64,9000,http,,,CN,Hong Kong,http://43.154.149.64:9000,"Tencent Building, Kejizhongyi Avenue",HK
https://www.qunix.app,43.154.236.53,443,https,403 Forbidden,qunix.app,CN,Hong Kong,https://www.qunix.app,"Tencent Building, Kejizhongyi Avenue",HK
https://43.154.26.146,43.154.26.146,443,https,403 Forbidden,,CN,Hong Kong,https://43.154.26.146,"Tencent Building, Kejizhongyi Avenue",HK
https://dash.landon.li,43.128.49.39,443,https,Just a moment...,landon.li,CN,Hong Kong,https://dash.landon.li,"Tencent Building, Kejizhongyi Avenue",HK
https://124.156.140.186,124.156.140.186,443,https,403 Forbidden,,CN,Hong Kong,https://124.156.140.186,"Tencent Building, Kejizhongyi Avenue",HK
https://zappstatic.gcudk23.xyz,43.135.36.103,443,https,,gcudk23.xyz,CN,Hong Kong,https://zappstatic.gcudk23.xyz,"Tencent Building, Kejizhongyi Avenue",HK
https://zappstatic.qbedn27.xyz,43.135.36.103,443,https,,qbedn27.xyz,CN,Hong Kong,https://zappstatic.qbedn27.xyz,"Tencent Building, Kejizhongyi Avenue",HK
zappstatic.qbedn27.xyz,43.135.36.103,80,http,,qbedn27.xyz,CN,Hong Kong,http://zappstatic.qbedn27.xyz,"Tencent Building, Kejizhongyi Avenue",HK
zappstatic.twjvv28.xyz,43.135.36.103,80,http,,twjvv28.xyz,CN,Hong Kong,http://zappstatic.twjvv28.xyz,"Tencent Building, Kejizhongyi Avenue",HK
https://zappstatic.twjvv28.xyz,43.135.36.103,443,https,,twjvv28.xyz,CN,Hong Kong,https://zappstatic.twjvv28.xyz,"Tencent Building, Kejizhongyi Avenue",HK
https://zappstatic.mudjy25.xyz,43.135.36.103,443,https,,mudjy25.xyz,CN,Hong Kong,https://zappstatic.mudjy25.xyz,"Tencent Building, Kejizhongyi Avenue",HK
https://zappstatic.vwbnn29.xyz,43.135.36.103,443,https,,vwbnn29.xyz,CN,Hong Kong,https://zappstatic.vwbnn29.xyz,"Tencent Building, Kejizhongyi Avenue",HK
zappstatic.mudjy25.xyz,43.135.36.103,80,http,,mudjy25.xyz,CN,Hong Kong,http://zappstatic.mudjy25.xyz,"Tencent Building, Kejizhongyi Avenue",HK
https://zappstatic.zhnlr30.xyz,43.135.36.103,443,https,,zhnlr30.xyz,CN,Hong Kong,https://zappstatic.zhnlr30.xyz,"Tencent Building, Kejizhongyi Avenue",HK
zappstatic.vwbnn29.xyz,43.135.36.103,80,http,,vwbnn29.xyz,CN,Hong Kong,http://zappstatic.vwbnn29.xyz,"Tencent Building, Kejizhongyi Avenue",HK
zappstatic.gcudk23.xyz,43.135.36.103,80,http,,gcudk23.xyz,CN,Hong Kong,http://zappstatic.gcudk23.xyz,"Tencent Building, Kejizhongyi Avenue",HK
zappstatic.oiuri26.xyz,43.135.36.103,80,http,,oiuri26.xyz,CN,Hong Kong,http://zappstatic.oiuri26.xyz,"Tencent Building, Kejizhongyi Avenue",HK
https://zappstatic.oiuri26.xyz,43.135.36.103,443,https,,oiuri26.xyz,CN,Hong Kong,https://zappstatic.oiuri26.xyz,"Tencent Building, Kejizhongyi Avenue",HK
zappstatic.zhnlr30.xyz,43.135.36.103,80,http,,zhnlr30.xyz,CN,Hong Kong,http://zappstatic.zhnlr30.xyz,"Tencent Building, Kejizhongyi Avenue",HK
zappstatic.ihokd24.xyz,43.135.36.103,80,http,,ihokd24.xyz,CN,Hong Kong,http://zappstatic.ihokd24.xyz,"Tencent Building, Kejizhongyi Avenue",HK
https://zappstatic.ihokd24.xyz,43.135.36.103,443,https,,ihokd24.xyz,CN,Hong Kong,https://zappstatic.ihokd24.xyz,"Tencent Building, Kejizhongyi Avenue",HK
zappcap.oiuri26.xyz,43.135.36.103,80,http,Attention Required! | Cloudflare,oiuri26.xyz,CN,Hong Kong,http://zappcap.oiuri26.xyz,"Tencent Building, Kejizhongyi Avenue",HK
https://zappcap.oiuri26.xyz,43.135.36.103,443,https,Attention Required! | Cloudflare,oiuri26.xyz,CN,Hong Kong,https://zappcap.oiuri26.xyz,"Tencent Building, Kejizhongyi Avenue",HK
https://zappcap.dkjbz22.xyz,43.135.36.103,443,https,Attention Required! | Cloudflare,dkjbz22.xyz,CN,Hong Kong,https://zappcap.dkjbz22.xyz,"Tencent Building, Kejizhongyi Avenue",HK
zappcap.dkjbz22.xyz,43.135.36.103,80,http,Attention Required! | Cloudflare,dkjbz22.xyz,CN,Hong Kong,http://zappcap.dkjbz22.xyz,"Tencent Building, Kejizhongyi Avenue",HK
https://zappcap.qbedn27.xyz,43.135.36.103,443,https,Attention Required! | Cloudflare,qbedn27.xyz,CN,Hong Kong,https://zappcap.qbedn27.xyz,"Tencent Building, Kejizhongyi Avenue",HK
https://zappcap.vwbnn29.xyz,43.135.36.103,443,https,Attention Required! | Cloudflare,vwbnn29.xyz,CN,Hong Kong,https://zappcap.vwbnn29.xyz,"Tencent Building, Kejizhongyi Avenue",HK
https://zappcap.ihokd24.xyz,43.135.36.103,443,https,Attention Required! | Cloudflare,ihokd24.xyz,CN,Hong Kong,https://zappcap.ihokd24.xyz,"Tencent Building, Kejizhongyi Avenue",HK
zappcap.qbedn27.xyz,43.135.36.103,80,http,Attention Required! | Cloudflare,qbedn27.xyz,CN,Hong Kong,http://zappcap.qbedn27.xyz,"Tencent Building, Kejizhongyi Avenue",HK
zappcap.ihokd24.xyz,43.135.36.103,80,http,Attention Required! | Cloudflare,ihokd24.xyz,CN,Hong Kong,http://zappcap.ihokd24.xyz,"Tencent Building, Kejizhongyi Avenue",HK
zappcap.beyye21.xyz,43.135.36.103,80,http,Attention Required! | Cloudflare,beyye21.xyz,CN,Hong Kong,http://zappcap.beyye21.xyz,"Tencent Building, Kejizhongyi Avenue",HK
zappcap.zhnlr30.xyz,43.135.36.103,80,http,Attention Required! | Cloudflare,zhnlr30.xyz,CN,Hong Kong,http://zappcap.zhnlr30.xyz,"Tencent Building, Kejizhongyi Avenue",HK
https://zappcap.beyye21.xyz,43.135.36.103,443,https,Attention Required! | Cloudflare,beyye21.xyz,CN,Hong Kong,https://zappcap.beyye21.xyz,"Tencent Building, Kejizhongyi Avenue",HK
zappcap.vwbnn29.xyz,43.135.36.103,80,http,Attention Required! | Cloudflare,vwbnn29.xyz,CN,Hong Kong,http://zappcap.vwbnn29.xyz,"Tencent Building, Kejizhongyi Avenue",HK
https://zappcap.zhnlr30.xyz,43.135.36.103,443,https,Attention Required! | Cloudflare,zhnlr30.xyz,CN,Hong Kong,https://zappcap.zhnlr30.xyz,"Tencent Building, Kejizhongyi Avenue",HK
https://zappcap.mudjy25.xyz,43.135.36.103,443,https,Attention Required! | Cloudflare,mudjy25.xyz,CN,Hong Kong,https://zappcap.mudjy25.xyz,"Tencent Building, Kejizhongyi Avenue",HK
zappcap.twjvv28.xyz,43.135.36.103,80,http,Attention Required! | Cloudflare,twjvv28.xyz,CN,Hong Kong,http://zappcap.twjvv28.xyz,"Tencent Building, Kejizhongyi Avenue",HK
https://zappcap.twjvv28.xyz,43.135.36.103,443,https,Attention Required! | Cloudflare,twjvv28.xyz,CN,Hong Kong,https://zappcap.twjvv28.xyz,"Tencent Building, Kejizhongyi Avenue",HK
zappcap.mudjy25.xyz,43.135.36.103,80,http,Attention Required! | Cloudflare,mudjy25.xyz,CN,Hong Kong,http://zappcap.mudjy25.xyz,"Tencent Building, Kejizhongyi Avenue",HK
https://zappcap.gcudk23.xyz,43.135.36.103,443,https,Attention Required! | Cloudflare,gcudk23.xyz,CN,Hong Kong,https://zappcap.gcudk23.xyz,"Tencent Building, Kejizhongyi Avenue",HK
zappcap.gcudk23.xyz,43.135.36.103,80,http,Attention Required! | Cloudflare,gcudk23.xyz,CN,Hong Kong,http://zappcap.gcudk23.xyz,"Tencent Building, Kejizhongyi Avenue",HK
https://43.154.32.220,43.154.32.220,443,https,403 Forbidden,,CN,Hong Kong,https://43.154.32.220,"Tencent Building, Kejizhongyi Avenue",HK
zappcap.znoul20.xyz,43.135.36.103,80,http,Attention Required! | Cloudflare,znoul20.xyz,CN,Hong Kong,http://zappcap.znoul20.xyz,"Tencent Building, Kejizhongyi Avenue",HK
zappcap.cieoi15.xyz,43.135.36.103,80,http,Attention Required! | Cloudflare,cieoi15.xyz,CN,Hong Kong,http://zappcap.cieoi15.xyz,"Tencent Building, Kejizhongyi Avenue",HK
zappcap.ljoew13.xyz,43.135.36.103,80,http,Attention Required! | Cloudflare,ljoew13.xyz,CN,Hong Kong,http://zappcap.ljoew13.xyz,"Tencent Building, Kejizhongyi Avenue",HK
https://zappcap.usfhg16.xyz,43.135.36.103,443,https,Attention Required! | Cloudflare,usfhg16.xyz,CN,Hong Kong,https://zappcap.usfhg16.xyz,"Tencent Building, Kejizhongyi Avenue",HK
zappcap.usfhg16.xyz,43.135.36.103,80,http,Attention Required! | Cloudflare,usfhg16.xyz,CN,Hong Kong,http://zappcap.usfhg16.xyz,"Tencent Building, Kejizhongyi Avenue",HK
zappcap.tdocy12.xyz,43.135.36.103,80,http,Attention Required! | Cloudflare,tdocy12.xyz,CN,Hong Kong,http://zappcap.tdocy12.xyz,"Tencent Building, Kejizhongyi Avenue",HK
https://zappcap.znoul20.xyz,43.135.36.103,443,https,Attention Required! | Cloudflare,znoul20.xyz,CN,Hong Kong,https://zappcap.znoul20.xyz,"Tencent Building, Kejizhongyi Avenue",HK
https://zappcap.fpoea14.xyz,43.135.36.103,443,https,Attention Required! | Cloudflare,fpoea14.xyz,CN,Hong Kong,https://zappcap.fpoea14.xyz,"Tencent Building, Kejizhongyi Avenue",HK
zappcap.qciys19.xyz,43.135.36.103,80,http,Attention Required! | Cloudflare,qciys19.xyz,CN,Hong Kong,http://zappcap.qciys19.xyz,"Tencent Building, Kejizhongyi Avenue",HK
https://zappcap.tdocy12.xyz,43.135.36.103,443,https,Attention Required! | Cloudflare,tdocy12.xyz,CN,Hong Kong,https://zappcap.tdocy12.xyz,"Tencent Building, Kejizhongyi Avenue",HK
zappcap.fpoea14.xyz,43.135.36.103,80,http,Attention Required! | Cloudflare,fpoea14.xyz,CN,Hong Kong,http://zappcap.fpoea14.xyz,"Tencent Building, Kejizhongyi Avenue",HK
https://zappcap.mzqjp18.xyz,43.135.36.103,443,https,Attention Required! | Cloudflare,mzqjp18.xyz,CN,Hong Kong,https://zappcap.mzqjp18.xyz,"Tencent Building, Kejizhongyi Avenue",HK
https://zappcap.pksbn17.xyz,43.135.36.103,443,https,Attention Required! | Cloudflare,pksbn17.xyz,CN,Hong Kong,https://zappcap.pksbn17.xyz,"Tencent Building, Kejizhongyi Avenue",HK
zappcap.pksbn17.xyz,43.135.36.103,80,http,Attention Required! | Cloudflare,pksbn17.xyz,CN,Hong Kong,http://zappcap.pksbn17.xyz,"Tencent Building, Kejizhongyi Avenue",HK
https://zappcap.qciys19.xyz,43.135.36.103,443,https,Attention Required! | Cloudflare,qciys19.xyz,CN,Hong Kong,https://zappcap.qciys19.xyz,"Tencent Building, Kejizhongyi Avenue",HK
zappcap.mzqjp18.xyz,43.135.36.103,80,http,Attention Required! | Cloudflare,mzqjp18.xyz,CN,Hong Kong,http://zappcap.mzqjp18.xyz,"Tencent Building, Kejizhongyi Avenue",HK
https://zappcap.ljoew13.xyz,43.135.36.103,443,https,Attention Required! | Cloudflare,ljoew13.xyz,CN,Hong Kong,https://zappcap.ljoew13.xyz,"Tencent Building, Kejizhongyi Avenue",HK
https://zappcap.cieoi15.xyz,43.135.36.103,443,https,Attention Required! | Cloudflare,cieoi15.xyz,CN,Hong Kong,https://zappcap.cieoi15.xyz,"Tencent Building, Kejizhongyi Avenue",HK
zappcap.gkisx11.xyz,43.135.36.103,80,http,Attention Required! | Cloudflare,gkisx11.xyz,CN,Hong Kong,http://zappcap.gkisx11.xyz,"Tencent Building, Kejizhongyi Avenue",HK
https://zappcap.gkisx11.xyz,43.135.36.103,443,https,Attention Required! | Cloudflare,gkisx11.xyz,CN,Hong Kong,https://zappcap.gkisx11.xyz,"Tencent Building, Kejizhongyi Avenue",HK
https://zappstatic.gkisx11.xyz,43.135.36.103,443,https,,gkisx11.xyz,CN,Hong Kong,https://zappstatic.gkisx11.xyz,"Tencent Building, Kejizhongyi Avenue",HK
zappstatic.znoul20.xyz,43.135.36.103,80,http,,znoul20.xyz,CN,Hong Kong,http://zappstatic.znoul20.xyz,"Tencent Building, Kejizhongyi Avenue",HK
zappstatic.usfhg16.xyz,43.135.36.103,80,http,,usfhg16.xyz,CN,Hong Kong,http://zappstatic.usfhg16.xyz,"Tencent Building, Kejizhongyi Avenue",HK
zappstatic.fpoea14.xyz,43.135.36.103,80,http,,fpoea14.xyz,CN,Hong Kong,http://zappstatic.fpoea14.xyz,"Tencent Building, Kejizhongyi Avenue",HK
https://zappstatic.qciys19.xyz,43.135.36.103,443,https,,qciys19.xyz,CN,Hong Kong,https://zappstatic.qciys19.xyz,"Tencent Building, Kejizhongyi Avenue",HK
https://zappstatic.znoul20.xyz,43.135.36.103,443,https,,znoul20.xyz,CN,Hong Kong,https://zappstatic.znoul20.xyz,"Tencent Building, Kejizhongyi Avenue",HK
zappstatic.gkisx11.xyz,43.135.36.103,80,http,,gkisx11.xyz,CN,Hong Kong,http://zappstatic.gkisx11.xyz,"Tencent Building, Kejizhongyi Avenue",HK
https://zappstatic.usfhg16.xyz,43.135.36.103,443,https,,usfhg16.xyz,CN,Hong Kong,https://zappstatic.usfhg16.xyz,"Tencent Building, Kejizhongyi Avenue",HK
https://zappstatic.mzqjp18.xyz,43.135.36.103,443,https,,mzqjp18.xyz,CN,Hong Kong,https://zappstatic.mzqjp18.xyz,"Tencent Building, Kejizhongyi Avenue",HK
https://zappstatic.ljoew13.xyz,43.135.36.103,443,https,,ljoew13.xyz,CN,Hong Kong,https://zappstatic.ljoew13.xyz,"Tencent Building, Kejizhongyi Avenue",HK
https://zappstatic.cieoi15.xyz,43.135.36.103,443,https,,cieoi15.xyz,CN,Hong Kong,https://zappstatic.cieoi15.xyz,"Tencent Building, Kejizhongyi Avenue",HK
zappstatic.cieoi15.xyz,43.135.36.103,80,http,,cieoi15.xyz,CN,Hong Kong,http://zappstatic.cieoi15.xyz,"Tencent Building, Kejizhongyi Avenue",HK
zappstatic.mzqjp18.xyz,43.135.36.103,80,http,,mzqjp18.xyz,CN,Hong Kong,http://zappstatic.mzqjp18.xyz,"Tencent Building, Kejizhongyi Avenue",HK
zappstatic.ljoew13.xyz,43.135.36.103,80,http,,ljoew13.xyz,CN,Hong Kong,http://zappstatic.ljoew13.xyz,"Tencent Building, Kejizhongyi Avenue",HK
zappstatic.qciys19.xyz,43.135.36.103,80,http,,qciys19.xyz,CN,Hong Kong,http://zappstatic.qciys19.xyz,"Tencent Building, Kejizhongyi Avenue",HK
https://zappstatic.fpoea14.xyz,43.135.36.103,443,https,,fpoea14.xyz,CN,Hong Kong,https://zappstatic.fpoea14.xyz,"Tencent Building, Kejizhongyi Avenue",HK
zappstatic.pksbn17.xyz,43.135.36.103,80,http,,pksbn17.xyz,CN,Hong Kong,http://zappstatic.pksbn17.xyz,"Tencent Building, Kejizhongyi Avenue",HK
https://zappstatic.pksbn17.xyz,43.135.36.103,443,https,,pksbn17.xyz,CN,Hong Kong,https://zappstatic.pksbn17.xyz,"Tencent Building, Kejizhongyi Avenue",HK
https://zappstatic.tdocy12.xyz,43.135.36.103,443,https,,tdocy12.xyz,CN,Hong Kong,https://zappstatic.tdocy12.xyz,"Tencent Building, Kejizhongyi Avenue",HK
zappstatic.tdocy12.xyz,43.135.36.103,80,http,,tdocy12.xyz,CN,Hong Kong,http://zappstatic.tdocy12.xyz,"Tencent Building, Kejizhongyi Avenue",HK
https://43.155.3.140:8443,43.155.3.140,8443,https,403 Forbidden,,CN,Hong Kong,https://43.155.3.140:8443,"Tencent Building, Kejizhongyi Avenue",HK
zappcap.bumop05.xyz,43.135.36.103,80,http,Attention Required! | Cloudflare,bumop05.xyz,CN,Hong Kong,http://zappcap.bumop05.xyz,"Tencent Building, Kejizhongyi Avenue",HK
zappcap.edgzx06.xyz,43.135.36.103,80,http,Attention Required! | Cloudflare,edgzx06.xyz,CN,Hong Kong,http://zappcap.edgzx06.xyz,"Tencent Building, Kejizhongyi Avenue",HK
zappcap.hseez07.xyz,43.135.36.103,80,http,Attention Required! | Cloudflare,hseez07.xyz,CN,Hong Kong,http://zappcap.hseez07.xyz,"Tencent Building, Kejizhongyi Avenue",HK
zappcap.hrdjk08.xyz,43.135.36.103,80,http,Attention Required! | Cloudflare,hrdjk08.xyz,CN,Hong Kong,http://zappcap.hrdjk08.xyz,"Tencent Building, Kejizhongyi Avenue",HK
https://zappcap.hseez07.xyz,43.135.36.103,443,https,Attention Required! | Cloudflare,hseez07.xyz,CN,Hong Kong,https://zappcap.hseez07.xyz,"Tencent Building, Kejizhongyi Avenue",HK
https://zappcap.nmowb10.xyz,43.135.36.103,443,https,Attention Required! | Cloudflare,nmowb10.xyz,CN,Hong Kong,https://zappcap.nmowb10.xyz,"Tencent Building, Kejizhongyi Avenue",HK
https://zappcap.ktyaw09.xyz,43.135.36.103,443,https,Attention Required! | Cloudflare,ktyaw09.xyz,CN,Hong Kong,https://zappcap.ktyaw09.xyz,"Tencent Building, Kejizhongyi Avenue",HK
zappcap.ktyaw09.xyz,43.135.36.103,80,http,Attention Required! | Cloudflare,ktyaw09.xyz,CN,Hong Kong,http://zappcap.ktyaw09.xyz,"Tencent Building, Kejizhongyi Avenue",HK
https://zappcap.edgzx06.xyz,43.135.36.103,443,https,Attention Required! | Cloudflare,edgzx06.xyz,CN,Hong Kong,https://zappcap.edgzx06.xyz,"Tencent Building, Kejizhongyi Avenue",HK
https://zappcap.gewtm02.xyz,43.135.36.103,443,https,Attention Required! | Cloudflare,gewtm02.xyz,CN,Hong Kong,https://zappcap.gewtm02.xyz,"Tencent Building, Kejizhongyi Avenue",HK
zappcap.nmowb10.xyz,43.135.36.103,80,http,Attention Required! | Cloudflare,nmowb10.xyz,CN,Hong Kong,http://zappcap.nmowb10.xyz,"Tencent Building, Kejizhongyi Avenue",HK
https://zappcap.kiega04.xyz,43.135.36.103,443,https,Attention Required! | Cloudflare,kiega04.xyz,CN,Hong Kong,https://zappcap.kiega04.xyz,"Tencent Building, Kejizhongyi Avenue",HK
zappcap.kiega04.xyz,43.135.36.103,80,http,Attention Required! | Cloudflare,kiega04.xyz,CN,Hong Kong,http://zappcap.kiega04.xyz,"Tencent Building, Kejizhongyi Avenue",HK
https://zappcap.bumop05.xyz,43.135.36.103,443,https,Attention Required! | Cloudflare,bumop05.xyz,CN,Hong Kong,https://zappcap.bumop05.xyz,"Tencent Building, Kejizhongyi Avenue",HK
https://zappcap.hrdjk08.xyz,43.135.36.103,443,https,Attention Required! | Cloudflare,hrdjk08.xyz,CN,Hong Kong,https://zappcap.hrdjk08.xyz,"Tencent Building, Kejizhongyi Avenue",HK
zappcap.gewtm02.xyz,43.135.36.103,80,http,Attention Required! | Cloudflare,gewtm02.xyz,CN,Hong Kong,http://zappcap.gewtm02.xyz,"Tencent Building, Kejizhongyi Avenue",HK
https://zappcap.faesw01.xyz,43.135.36.103,443,https,Attention Required! | Cloudflare,faesw01.xyz,CN,Hong Kong,https://zappcap.faesw01.xyz,"Tencent Building, Kejizhongyi Avenue",HK
zappcap.faesw01.xyz,43.135.36.103,80,http,Attention Required! | Cloudflare,faesw01.xyz,CN,Hong Kong,http://zappcap.faesw01.xyz,"Tencent Building, Kejizhongyi Avenue",HK
https://zappcap.jetrn03.xyz,43.135.36.103,443,https,Attention Required! | Cloudflare,jetrn03.xyz,CN,Hong Kong,https://zappcap.jetrn03.xyz,"Tencent Building, Kejizhongyi Avenue",HK
zappcap.jetrn03.xyz,43.135.36.103,80,http,Attention Required! | Cloudflare,jetrn03.xyz,CN,Hong Kong,http://zappcap.jetrn03.xyz,"Tencent Building, Kejizhongyi Avenue",HK
https://zappstatic.ktyaw09.xyz,43.135.36.103,443,https,,ktyaw09.xyz,CN,Hong Kong,https://zappstatic.ktyaw09.xyz,"Tencent Building, Kejizhongyi Avenue",HK
https://zappstatic.kiega04.xyz,43.135.36.103,443,https,,kiega04.xyz,CN,Hong Kong,https://zappstatic.kiega04.xyz,"Tencent Building, Kejizhongyi Avenue",HK
https://zappstatic.gewtm02.xyz,43.135.36.103,443,https,,gewtm02.xyz,CN,Hong Kong,https://zappstatic.gewtm02.xyz,"Tencent Building, Kejizhongyi Avenue",HK
https://zappstatic.nmowb10.xyz,43.135.36.103,443,https,,nmowb10.xyz,CN,Hong Kong,https://zappstatic.nmowb10.xyz,"Tencent Building, Kejizhongyi Avenue",HK
zappstatic.gewtm02.xyz,43.135.36.103,80,http,,gewtm02.xyz,CN,Hong Kong,http://zappstatic.gewtm02.xyz,"Tencent Building, Kejizhongyi Avenue",HK
zappstatic.hseez07.xyz,43.135.36.103,80,http,,hseez07.xyz,CN,Hong Kong,http://zappstatic.hseez07.xyz,"Tencent Building, Kejizhongyi Avenue",HK
zappstatic.jetrn03.xyz,43.135.36.103,80,http,,jetrn03.xyz,CN,Hong Kong,http://zappstatic.jetrn03.xyz,"Tencent Building, Kejizhongyi Avenue",HK
zappstatic.bumop05.xyz,43.135.36.103,80,http,,bumop05.xyz,CN,Hong Kong,http://zappstatic.bumop05.xyz,"Tencent Building, Kejizhongyi Avenue",HK
zappstatic.kiega04.xyz,43.135.36.103,80,http,,kiega04.xyz,CN,Hong Kong,http://zappstatic.kiega04.xyz,"Tencent Building, Kejizhongyi Avenue",HK
zappstatic.ktyaw09.xyz,43.135.36.103,80,http,,ktyaw09.xyz,CN,Hong Kong,http://zappstatic.ktyaw09.xyz,"Tencent Building, Kejizhongyi Avenue",HK
https://zappstatic.hrdjk08.xyz,43.135.36.103,443,https,,hrdjk08.xyz,CN,Hong Kong,https://zappstatic.hrdjk08.xyz,"Tencent Building, Kejizhongyi Avenue",HK
https://zappstatic.edgzx06.xyz,43.135.36.103,443,https,,edgzx06.xyz,CN,Hong Kong,https://zappstatic.edgzx06.xyz,"Tencent Building, Kejizhongyi Avenue",HK
zappstatic.edgzx06.xyz,43.135.36.103,80,http,,edgzx06.xyz,CN,Hong Kong,http://zappstatic.edgzx06.xyz,"Tencent Building, Kejizhongyi Avenue",HK
https://zappstatic.bumop05.xyz,43.135.36.103,443,https,,bumop05.xyz,CN,Hong Kong,https://zappstatic.bumop05.xyz,"Tencent Building, Kejizhongyi Avenue",HK
zappstatic.nmowb10.xyz,43.135.36.103,80,http,,nmowb10.xyz,CN,Hong Kong,http://zappstatic.nmowb10.xyz,"Tencent Building, Kejizhongyi Avenue",HK
https://zappstatic.jetrn03.xyz,43.135.36.103,443,https,,jetrn03.xyz,CN,Hong Kong,https://zappstatic.jetrn03.xyz,"Tencent Building, Kejizhongyi Avenue",HK
https://zappstatic.hseez07.xyz,43.135.36.103,443,https,,hseez07.xyz,CN,Hong Kong,https://zappstatic.hseez07.xyz,"Tencent Building, Kejizhongyi Avenue",HK
zappstatic.hrdjk08.xyz,43.135.36.103,80,http,,hrdjk08.xyz,CN,Hong Kong,http://zappstatic.hrdjk08.xyz,"Tencent Building, Kejizhongyi Avenue",HK
https://zappstatic.faesw01.xyz,43.135.36.103,443,https,,faesw01.xyz,CN,Hong Kong,https://zappstatic.faesw01.xyz,"Tencent Building, Kejizhongyi Avenue",HK
zappstatic.faesw01.xyz,43.135.36.103,80,http,,faesw01.xyz,CN,Hong Kong,http://zappstatic.faesw01.xyz,"Tencent Building, Kejizhongyi Avenue",HK
https://150.109.122.100:8443,150.109.122.100,8443,https,403 Forbidden,,CN,Hong Kong,https://150.109.122.100:8443,"Tencent Building, Kejizhongyi Avenue",HK
zappcap.oiqto83.xyz,43.135.36.103,80,http,Attention Required! | Cloudflare,oiqto83.xyz,CN,Hong Kong,http://zappcap.oiqto83.xyz,"Tencent Building, Kejizhongyi Avenue",HK
https://zappcap.oiqto83.xyz,43.135.36.103,443,https,Attention Required! | Cloudflare,oiqto83.xyz,CN,Hong Kong,https://zappcap.oiqto83.xyz,"Tencent Building, Kejizhongyi Avenue",HK
zappcap.bgdsn84.xyz,43.135.36.103,80,http,Attention Required! | Cloudflare,bgdsn84.xyz,CN,Hong Kong,http://zappcap.bgdsn84.xyz,"Tencent Building, Kejizhongyi Avenue",HK
https://zappcap.jrate85.xyz,43.135.36.103,443,https,Attention Required! | Cloudflare,jrate85.xyz,CN,Hong Kong,https://zappcap.jrate85.xyz,"Tencent Building, Kejizhongyi Avenue",HK
https://zappcap.bgdsn84.xyz,43.135.36.103,443,https,Attention Required! | Cloudflare,bgdsn84.xyz,CN,Hong Kong,https://zappcap.bgdsn84.xyz,"Tencent Building, Kejizhongyi Avenue",HK
zappcap.jrate85.xyz,43.135.36.103,80,http,Attention Required! | Cloudflare,jrate85.xyz,CN,Hong Kong,http://zappcap.jrate85.xyz,"Tencent Building, Kejizhongyi Avenue",HK
zappcap.ghwiu81.xyz,43.135.36.103,80,http,Attention Required! | Cloudflare,ghwiu81.xyz,CN,Hong Kong,http://zappcap.ghwiu81.xyz,"Tencent Building, Kejizhongyi Avenue",HK
https://zappcap.ghwiu81.xyz,43.135.36.103,443,https,Attention Required! | Cloudflare,ghwiu81.xyz,CN,Hong Kong,https://zappcap.ghwiu81.xyz,"Tencent Building, Kejizhongyi Avenue",HK
https://zappcap.jgeiw82.xyz,43.135.36.103,443,https,Attention Required! | Cloudflare,jgeiw82.xyz,CN,Hong Kong,https://zappcap.jgeiw82.xyz,"Tencent Building, Kejizhongyi Avenue",HK
zappcap.jgeiw82.xyz,43.135.36.103,80,http,Attention Required! | Cloudflare,jgeiw82.xyz,CN,Hong Kong,http://zappcap.jgeiw82.xyz,"Tencent Building, Kejizhongyi Avenue",HK
zappstatic.jrate85.xyz,43.135.36.103,80,http,,jrate85.xyz,CN,Hong Kong,http://zappstatic.jrate85.xyz,"Tencent Building, Kejizhongyi Avenue",HK
zappstatic.bgdsn84.xyz,43.135.36.103,80,http,,bgdsn84.xyz,CN,Hong Kong,http://zappstatic.bgdsn84.xyz,"Tencent Building, Kejizhongyi Avenue",HK
https://zappstatic.oiqto83.xyz,43.135.36.103,443,https,,oiqto83.xyz,CN,Hong Kong,https://zappstatic.oiqto83.xyz,"Tencent Building, Kejizhongyi Avenue",HK
https://zappstatic.jgeiw82.xyz,43.135.36.103,443,https,,jgeiw82.xyz,CN,Hong Kong,https://zappstatic.jgeiw82.xyz,"Tencent Building, Kejizhongyi Avenue",HK
https://zappstatic.bgdsn84.xyz,43.135.36.103,443,https,,bgdsn84.xyz,CN,Hong Kong,https://zappstatic.bgdsn84.xyz,"Tencent Building, Kejizhongyi Avenue",HK
zappstatic.jgeiw82.xyz,43.135.36.103,80,http,,jgeiw82.xyz,CN,Hong Kong,http://zappstatic.jgeiw82.xyz,"Tencent Building, Kejizhongyi Avenue",HK
https://zappstatic.jrate85.xyz,43.135.36.103,443,https,,jrate85.xyz,CN,Hong Kong,https://zappstatic.jrate85.xyz,"Tencent Building, Kejizhongyi Avenue",HK
zappstatic.oiqto83.xyz,43.135.36.103,80,http,,oiqto83.xyz,CN,Hong Kong,http://zappstatic.oiqto83.xyz,"Tencent Building, Kejizhongyi Avenue",HK
zappstatic.ghwiu81.xyz,43.135.36.103,80,http,,ghwiu81.xyz,CN,Hong Kong,http://zappstatic.ghwiu81.xyz,"Tencent Building, Kejizhongyi Avenue",HK
https://zappstatic.ghwiu81.xyz,43.135.36.103,443,https,,ghwiu81.xyz,CN,Hong Kong,https://zappstatic.ghwiu81.xyz,"Tencent Building, Kejizhongyi Avenue",HK
https://101.32.49.134,101.32.49.134,443,https,403 Forbidden,,CN,Hong Kong,https://101.32.49.134,"Tencent Building, Kejizhongyi Avenue",HK
https://zappstatic.hjklm74.xyz,43.135.36.103,443,https,,hjklm74.xyz,CN,Hong Kong,https://zappstatic.hjklm74.xyz,"Tencent Building, Kejizhongyi Avenue",HK
zappstatic.plmok75.xyz,43.135.36.103,80,http,,plmok75.xyz,CN,Hong Kong,http://zappstatic.plmok75.xyz,"Tencent Building, Kejizhongyi Avenue",HK
https://zappstatic.qwert71.xyz,43.135.36.103,443,https,,qwert71.xyz,CN,Hong Kong,https://zappstatic.qwert71.xyz,"Tencent Building, Kejizhongyi Avenue",HK
zappstatic.edrft78.xyz,43.135.36.103,80,http,,edrft78.xyz,CN,Hong Kong,http://zappstatic.edrft78.xyz,"Tencent Building, Kejizhongyi Avenue",HK
https://zappstatic.edrft78.xyz,43.135.36.103,443,https,,edrft78.xyz,CN,Hong Kong,https://zappstatic.edrft78.xyz,"Tencent Building, Kejizhongyi Avenue",HK
zappstatic.xcvbn79.xyz,43.135.36.103,80,http,,xcvbn79.xyz,CN,Hong Kong,http://zappstatic.xcvbn79.xyz,"Tencent Building, Kejizhongyi Avenue",HK
https://zappstatic.yuiop76.xyz,43.135.36.103,443,https,,yuiop76.xyz,CN,Hong Kong,https://zappstatic.yuiop76.xyz,"Tencent Building, Kejizhongyi Avenue",HK
zappstatic.zxcvb73.xyz,43.135.36.103,80,http,,zxcvb73.xyz,CN,Hong Kong,http://zappstatic.zxcvb73.xyz,"Tencent Building, Kejizhongyi Avenue",HK
zappstatic.qazws77.xyz,43.135.36.103,80,http,,qazws77.xyz,CN,Hong Kong,http://zappstatic.qazws77.xyz,"Tencent Building, Kejizhongyi Avenue",HK
https://zappstatic.plmok75.xyz,43.135.36.103,443,https,,plmok75.xyz,CN,Hong Kong,https://zappstatic.plmok75.xyz,"Tencent Building, Kejizhongyi Avenue",HK
https://zappstatic.xcvbn79.xyz,43.135.36.103,443,https,,xcvbn79.xyz,CN,Hong Kong,https://zappstatic.xcvbn79.xyz,"Tencent Building, Kejizhongyi Avenue",HK
zappstatic.hjklm74.xyz,43.135.36.103,80,http,,hjklm74.xyz,CN,Hong Kong,http://zappstatic.hjklm74.xyz,"Tencent Building, Kejizhongyi Avenue",HK
https://zappstatic.vbnml80.xyz,43.135.36.103,443,https,,vbnml80.xyz,CN,Hong Kong,https://zappstatic.vbnml80.xyz,"Tencent Building, Kejizhongyi Avenue",HK
zappstatic.vbnml80.xyz,43.135.36.103,80,http,,vbnml80.xyz,CN,Hong Kong,http://zappstatic.vbnml80.xyz,"Tencent Building, Kejizhongyi Avenue",HK
zappstatic.yuiop76.xyz,43.135.36.103,80,http,,yuiop76.xyz,CN,Hong Kong,http://zappstatic.yuiop76.xyz,"Tencent Building, Kejizhongyi Avenue",HK
zappstatic.qwert71.xyz,43.135.36.103,80,http,,qwert71.xyz,CN,Hong Kong,http://zappstatic.qwert71.xyz,"Tencent Building, Kejizhongyi Avenue",HK
https://zappstatic.qazws77.xyz,43.135.36.103,443,https,,qazws77.xyz,CN,Hong Kong,https://zappstatic.qazws77.xyz,"Tencent Building, Kejizhongyi Avenue",HK
https://zappstatic.zxcvb73.xyz,43.135.36.103,443,https,,zxcvb73.xyz,CN,Hong Kong,https://zappstatic.zxcvb73.xyz,"Tencent Building, Kejizhongyi Avenue",HK
https://zappstatic.asdfg72.xyz,43.135.36.103,443,https,,asdfg72.xyz,CN,Hong Kong,https://zappstatic.asdfg72.xyz,"Tencent Building, Kejizhongyi Avenue",HK
zappstatic.asdfg72.xyz,43.135.36.103,80,http,,asdfg72.xyz,CN,Hong Kong,http://zappstatic.asdfg72.xyz,"Tencent Building, Kejizhongyi Avenue",HK
zappstatic.djurig62.xyz,43.135.36.103,80,http,,djurig62.xyz,CN,Hong Kong,http://zappstatic.djurig62.xyz,"Tencent Building, Kejizhongyi Avenue",HK
https://zappstatic.peorif64.xyz,43.135.36.103,443,https,,peorif64.xyz,CN,Hong Kong,https://zappstatic.peorif64.xyz,"Tencent Building, Kejizhongyi Avenue",HK
zappstatic.euritm65.xyz,43.135.36.103,80,http,,euritm65.xyz,CN,Hong Kong,http://zappstatic.euritm65.xyz,"Tencent Building, Kejizhongyi Avenue",HK
https://zappstatic.euritm65.xyz,43.135.36.103,443,https,,euritm65.xyz,CN,Hong Kong,https://zappstatic.euritm65.xyz,"Tencent Building, Kejizhongyi Avenue",HK
zappstatic.peorif64.xyz,43.135.36.103,80,http,,peorif64.xyz,CN,Hong Kong,http://zappstatic.peorif64.xyz,"Tencent Building, Kejizhongyi Avenue",HK
https://zappstatic.oieurf63.xyz,43.135.36.103,443,https,,oieurf63.xyz,CN,Hong Kong,https://zappstatic.oieurf63.xyz,"Tencent Building, Kejizhongyi Avenue",HK
https://zappstatic.djurig62.xyz,43.135.36.103,443,https,,djurig62.xyz,CN,Hong Kong,https://zappstatic.djurig62.xyz,"Tencent Building, Kejizhongyi Avenue",HK
zappstatic.oieurf63.xyz,43.135.36.103,80,http,,oieurf63.xyz,CN,Hong Kong,http://zappstatic.oieurf63.xyz,"Tencent Building, Kejizhongyi Avenue",HK
https://zappstatic.firugj61.xyz,43.135.36.103,443,https,,firugj61.xyz,CN,Hong Kong,https://zappstatic.firugj61.xyz,"Tencent Building, Kejizhongyi Avenue",HK
zappstatic.firugj61.xyz,43.135.36.103,80,http,,firugj61.xyz,CN,Hong Kong,http://zappstatic.firugj61.xyz,"Tencent Building, Kejizhongyi Avenue",HK
119.28.217.166:2020,119.28.217.166,2020,http,,,CN,Hong Kong,http://119.28.217.166:2020,"Tencent Building, Kejizhongyi Avenue",HK
https://zappcap.xcvbn79.xyz,43.135.36.103,443,https,Attention Required! | Cloudflare,xcvbn79.xyz,CN,Hong Kong,https://zappcap.xcvbn79.xyz,"Tencent Building, Kejizhongyi Avenue",HK
zappcap.zxcvb73.xyz,43.135.36.103,80,http,Attention Required! | Cloudflare,zxcvb73.xyz,CN,Hong Kong,http://zappcap.zxcvb73.xyz,"Tencent Building, Kejizhongyi Avenue",HK
zappcap.plmok75.xyz,43.135.36.103,80,http,Attention Required! | Cloudflare,plmok75.xyz,CN,Hong Kong,http://zappcap.plmok75.xyz,"Tencent Building, Kejizhongyi Avenue",HK
https://zappcap.vbnml80.xyz,43.135.36.103,443,https,Attention Required! | Cloudflare,vbnml80.xyz,CN,Hong Kong,https://zappcap.vbnml80.xyz,"Tencent Building, Kejizhongyi Avenue",HK
zappcap.edrft78.xyz,43.135.36.103,80,http,Attention Required! | Cloudflare,edrft78.xyz,CN,Hong Kong,http://zappcap.edrft78.xyz,"Tencent Building, Kejizhongyi Avenue",HK
zappcap.yuiop76.xyz,43.135.36.103,80,http,Attention Required! | Cloudflare,yuiop76.xyz,CN,Hong Kong,http://zappcap.yuiop76.xyz,"Tencent Building, Kejizhongyi Avenue",HK
https://zappcap.plmok75.xyz,43.135.36.103,443,https,Attention Required! | Cloudflare,plmok75.xyz,CN,Hong Kong,https://zappcap.plmok75.xyz,"Tencent Building, Kejizhongyi Avenue",HK
https://zappcap.asdfg72.xyz,43.135.36.103,443,https,Attention Required! | Cloudflare,asdfg72.xyz,CN,Hong Kong,https://zappcap.asdfg72.xyz,"Tencent Building, Kejizhongyi Avenue",HK
zappcap.xcvbn79.xyz,43.135.36.103,80,http,Attention Required! | Cloudflare,xcvbn79.xyz,CN,Hong Kong,http://zappcap.xcvbn79.xyz,"Tencent Building, Kejizhongyi Avenue",HK
https://zappcap.edrft78.xyz,43.135.36.103,443,https,Attention Required! | Cloudflare,edrft78.xyz,CN,Hong Kong,https://zappcap.edrft78.xyz,"Tencent Building, Kejizhongyi Avenue",HK
https://zappcap.yuiop76.xyz,43.135.36.103,443,https,Attention Required! | Cloudflare,yuiop76.xyz,CN,Hong Kong,https://zappcap.yuiop76.xyz,"Tencent Building, Kejizhongyi Avenue",HK
https://zappcap.zxcvb73.xyz,43.135.36.103,443,https,Attention Required! | Cloudflare,zxcvb73.xyz,CN,Hong Kong,https://zappcap.zxcvb73.xyz,"Tencent Building, Kejizhongyi Avenue",HK
zappcap.asdfg72.xyz,43.135.36.103,80,http,Attention Required! | Cloudflare,asdfg72.xyz,CN,Hong Kong,http://zappcap.asdfg72.xyz,"Tencent Building, Kejizhongyi Avenue",HK
zappcap.qazws77.xyz,43.135.36.103,80,http,Attention Required! | Cloudflare,qazws77.xyz,CN,Hong Kong,http://zappcap.qazws77.xyz,"Tencent Building, Kejizhongyi Avenue",HK
https://zappcap.qazws77.xyz,43.135.36.103,443,https,Attention Required! | Cloudflare,qazws77.xyz,CN,Hong Kong,https://zappcap.qazws77.xyz,"Tencent Building, Kejizhongyi Avenue",HK
zappcap.qwert71.xyz,43.135.36.103,80,http,Attention Required! | Cloudflare,qwert71.xyz,CN,Hong Kong,http://zappcap.qwert71.xyz,"Tencent Building, Kejizhongyi Avenue",HK
https://zappcap.qwert71.xyz,43.135.36.103,443,https,Attention Required! | Cloudflare,qwert71.xyz,CN,Hong Kong,https://zappcap.qwert71.xyz,"Tencent Building, Kejizhongyi Avenue",HK
zappcap.vbnml80.xyz,43.135.36.103,80,http,Attention Required! | Cloudflare,vbnml80.xyz,CN,Hong Kong,http://zappcap.vbnml80.xyz,"Tencent Building, Kejizhongyi Avenue",HK
zappcap.hjklm74.xyz,43.135.36.103,80,http,Attention Required! | Cloudflare,hjklm74.xyz,CN,Hong Kong,http://zappcap.hjklm74.xyz,"Tencent Building, Kejizhongyi Avenue",HK
https://zappcap.hjklm74.xyz,43.135.36.103,443,https,Attention Required! | Cloudflare,hjklm74.xyz,CN,Hong Kong,https://zappcap.hjklm74.xyz,"Tencent Building, Kejizhongyi Avenue",HK
ns.clun.top,43.154.236.53,80,http,,clun.top,CN,Hong Kong,http://ns.clun.top,"Tencent Building, Kejizhongyi Avenue",HK
zappstatic.duerjf66.xyz,43.135.36.103,80,http,,duerjf66.xyz,CN,Hong Kong,http://zappstatic.duerjf66.xyz,"Tencent Building, Kejizhongyi Avenue",HK
https://zappstatic.bhdyuw70.xyz,43.135.36.103,443,https,,bhdyuw70.xyz,CN,Hong Kong,https://zappstatic.bhdyuw70.xyz,"Tencent Building, Kejizhongyi Avenue",HK
zappstatic.asjudf69.xyz,43.135.36.103,80,http,,asjudf69.xyz,CN,Hong Kong,http://zappstatic.asjudf69.xyz,"Tencent Building, Kejizhongyi Avenue",HK
https://zappstatic.asjudf69.xyz,43.135.36.103,443,https,,asjudf69.xyz,CN,Hong Kong,https://zappstatic.asjudf69.xyz,"Tencent Building, Kejizhongyi Avenue",HK
zappstatic.bhdyuw70.xyz,43.135.36.103,80,http,,bhdyuw70.xyz,CN,Hong Kong,http://zappstatic.bhdyuw70.xyz,"Tencent Building, Kejizhongyi Avenue",HK
https://zappstatic.wjeifd67.xyz,43.135.36.103,443,https,,wjeifd67.xyz,CN,Hong Kong,https://zappstatic.wjeifd67.xyz,"Tencent Building, Kejizhongyi Avenue",HK
zappstatic.wjeifd67.xyz,43.135.36.103,80,http,,wjeifd67.xyz,CN,Hong Kong,http://zappstatic.wjeifd67.xyz,"Tencent Building, Kejizhongyi Avenue",HK
https://zappstatic.duerjf66.xyz,43.135.36.103,443,https,,duerjf66.xyz,CN,Hong Kong,https://zappstatic.duerjf66.xyz,"Tencent Building, Kejizhongyi Avenue",HK
zappstatic.eiurfd68.xyz,43.135.36.103,80,http,,eiurfd68.xyz,CN,Hong Kong,http://zappstatic.eiurfd68.xyz,"Tencent Building, Kejizhongyi Avenue",HK
https://zappstatic.eiurfd68.xyz,43.135.36.103,443,https,,eiurfd68.xyz,CN,Hong Kong,https://zappstatic.eiurfd68.xyz,"Tencent Building, Kejizhongyi Avenue",HK
zappcap.asjudf69.xyz,43.135.36.103,80,http,Attention Required! | Cloudflare,asjudf69.xyz,CN,Hong Kong,http://zappcap.asjudf69.xyz,"Tencent Building, Kejizhongyi Avenue",HK
https://zappcap.bhdyuw70.xyz,43.135.36.103,443,https,Attention Required! | Cloudflare,bhdyuw70.xyz,CN,Hong Kong,https://zappcap.bhdyuw70.xyz,"Tencent Building, Kejizhongyi Avenue",HK
https://zappcap.asjudf69.xyz,43.135.36.103,443,https,Attention Required! | Cloudflare,asjudf69.xyz,CN,Hong Kong,https://zappcap.asjudf69.xyz,"Tencent Building, Kejizhongyi Avenue",HK
zappcap.bhdyuw70.xyz,43.135.36.103,80,http,Attention Required! | Cloudflare,bhdyuw70.xyz,CN,Hong Kong,http://zappcap.bhdyuw70.xyz,"Tencent Building, Kejizhongyi Avenue",HK
zappcap.duerjf66.xyz,43.135.36.103,80,http,Attention Required! | Cloudflare,duerjf66.xyz,CN,Hong Kong,http://zappcap.duerjf66.xyz,"Tencent Building, Kejizhongyi Avenue",HK
https://zappcap.duerjf66.xyz,43.135.36.103,443,https,Attention Required! | Cloudflare,duerjf66.xyz,CN,Hong Kong,https://zappcap.duerjf66.xyz,"Tencent Building, Kejizhongyi Avenue",HK
https://zappcap.eiurfd68.xyz,43.135.36.103,443,https,Attention Required! | Cloudflare,eiurfd68.xyz,CN,Hong Kong,https://zappcap.eiurfd68.xyz,"Tencent Building, Kejizhongyi Avenue",HK
zappcap.eiurfd68.xyz,43.135.36.103,80,http,Attention Required! | Cloudflare,eiurfd68.xyz,CN,Hong Kong,http://zappcap.eiurfd68.xyz,"Tencent Building, Kejizhongyi Avenue",HK
zappcap.wjeifd67.xyz,43.135.36.103,80,http,Attention Required! | Cloudflare,wjeifd67.xyz,CN,Hong Kong,http://zappcap.wjeifd67.xyz,"Tencent Building, Kejizhongyi Avenue",HK
https://zappcap.wjeifd67.xyz,43.135.36.103,443,https,Attention Required! | Cloudflare,wjeifd67.xyz,CN,Hong Kong,https://zappcap.wjeifd67.xyz,"Tencent Building, Kejizhongyi Avenue",HK
https://test.4399jp.com,124.156.183.214,443,https,,4399jp.com,CN,Hong Kong,https://test.4399jp.com,"Tencent Building, Kejizhongyi Avenue",HK
hkbjy.top,119.28.206.55,80,http,403 Forbidden,hkbjy.top,CN,Hong Kong,http://hkbjy.top,"Tencent Building, Kejizhongyi Avenue",HK
https://zappcap.btyfx59.xyz,43.135.36.103,443,https,Attention Required! | Cloudflare,btyfx59.xyz,CN,Hong Kong,https://zappcap.btyfx59.xyz,"Tencent Building, Kejizhongyi Avenue",HK
zappcap.uilkp58.xyz,43.135.36.103,80,http,Attention Required! | Cloudflare,uilkp58.xyz,CN,Hong Kong,http://zappcap.uilkp58.xyz,"Tencent Building, Kejizhongyi Avenue",HK
https://zappcap.pwnaz60.xyz,43.135.36.103,443,https,Attention Required! | Cloudflare,pwnaz60.xyz,CN,Hong Kong,https://zappcap.pwnaz60.xyz,"Tencent Building, Kejizhongyi Avenue",HK
zappcap.pwnaz60.xyz,43.135.36.103,80,http,Attention Required! | Cloudflare,pwnaz60.xyz,CN,Hong Kong,http://zappcap.pwnaz60.xyz,"Tencent Building, Kejizhongyi Avenue",HK
zappcap.btyfx59.xyz,43.135.36.103,80,http,Attention Required! | Cloudflare,btyfx59.xyz,CN,Hong Kong,http://zappcap.btyfx59.xyz,"Tencent Building, Kejizhongyi Avenue",HK
zappcap.zqxwv56.xyz,43.135.36.103,80,http,Attention Required! | Cloudflare,zqxwv56.xyz,CN,Hong Kong,http://zappcap.zqxwv56.xyz,"Tencent Building, Kejizhongyi Avenue",HK
https://zappcap.uilkp58.xyz,43.135.36.103,443,https,Attention Required! | Cloudflare,uilkp58.xyz,CN,Hong Kong,https://zappcap.uilkp58.xyz,"Tencent Building, Kejizhongyi Avenue",HK
https://zappcap.zqxwv56.xyz,43.135.36.103,443,https,Attention Required! | Cloudflare,zqxwv56.xyz,CN,Hong Kong,https://zappcap.zqxwv56.xyz,"Tencent Building, Kejizhongyi Avenue",HK
https://zappcap.mrtsg57.xyz,43.135.36.103,443,https,Attention Required! | Cloudflare,mrtsg57.xyz,CN,Hong Kong,https://zappcap.mrtsg57.xyz,"Tencent Building, Kejizhongyi Avenue",HK
zappcap.mrtsg57.xyz,43.135.36.103,80,http,Attention Required! | Cloudflare,mrtsg57.xyz,CN,Hong Kong,http://zappcap.mrtsg57.xyz,"Tencent Building, Kejizhongyi Avenue",HK
zappstatic.pwnaz60.xyz,43.135.36.103,80,http,,pwnaz60.xyz,CN,Hong Kong,http://zappstatic.pwnaz60.xyz,"Tencent Building, Kejizhongyi Avenue",HK
https://zappstatic.pwnaz60.xyz,43.135.36.103,443,https,,pwnaz60.xyz,CN,Hong Kong,https://zappstatic.pwnaz60.xyz,"Tencent Building, Kejizhongyi Avenue",HK
zappstatic.uilkp58.xyz,43.135.36.103,80,http,,uilkp58.xyz,CN,Hong Kong,http://zappstatic.uilkp58.xyz,"Tencent Building, Kejizhongyi Avenue",HK
zappstatic.btyfx59.xyz,43.135.36.103,80,http,,btyfx59.xyz,CN,Hong Kong,http://zappstatic.btyfx59.xyz,"Tencent Building, Kejizhongyi Avenue",HK
https://zappstatic.btyfx59.xyz,43.135.36.103,443,https,,btyfx59.xyz,CN,Hong Kong,https://zappstatic.btyfx59.xyz,"Tencent Building, Kejizhongyi Avenue",HK
zappstatic.mrtsg57.xyz,43.135.36.103,80,http,,mrtsg57.xyz,CN,Hong Kong,http://zappstatic.mrtsg57.xyz,"Tencent Building, Kejizhongyi Avenue",HK
https://zappstatic.uilkp58.xyz,43.135.36.103,443,https,,uilkp58.xyz,CN,Hong Kong,https://zappstatic.uilkp58.xyz,"Tencent Building, Kejizhongyi Avenue",HK
https://zappstatic.mrtsg57.xyz,43.135.36.103,443,https,,mrtsg57.xyz,CN,Hong Kong,https://zappstatic.mrtsg57.xyz,"Tencent Building, Kejizhongyi Avenue",HK
https://zappstatic.zqxwv56.xyz,43.135.36.103,443,https,,zqxwv56.xyz,CN,Hong Kong,https://zappstatic.zqxwv56.xyz,"Tencent Building, Kejizhongyi Avenue",HK
zappstatic.zqxwv56.xyz,43.135.36.103,80,http,,zqxwv56.xyz,CN,Hong Kong,http://zappstatic.zqxwv56.xyz,"Tencent Building, Kejizhongyi Avenue",HK
zappstatic.mamvoa50.xyz,43.135.36.103,80,http,,mamvoa50.xyz,CN,Hong Kong,http://zappstatic.mamvoa50.xyz,"Tencent Building, Kejizhongyi Avenue",HK
https://zappstatic.vufwbo54.xyz,43.135.36.103,443,https,,vufwbo54.xyz,CN,Hong Kong,https://zappstatic.vufwbo54.xyz,"Tencent Building, Kejizhongyi Avenue",HK
https://zappstatic.mamvoa50.xyz,43.135.36.103,443,https,,mamvoa50.xyz,CN,Hong Kong,https://zappstatic.mamvoa50.xyz,"Tencent Building, Kejizhongyi Avenue",HK
zappstatic.fllqpv48.xyz,43.135.36.103,80,http,,fllqpv48.xyz,CN,Hong Kong,http://zappstatic.fllqpv48.xyz,"Tencent Building, Kejizhongyi Avenue",HK
zappstatic.vufwbo54.xyz,43.135.36.103,80,http,,vufwbo54.xyz,CN,Hong Kong,http://zappstatic.vufwbo54.xyz,"Tencent Building, Kejizhongyi Avenue",HK
https://zappstatic.izgpya49.xyz,43.135.36.103,443,https,,izgpya49.xyz,CN,Hong Kong,https://zappstatic.izgpya49.xyz,"Tencent Building, Kejizhongyi Avenue",HK
zappstatic.qbwqck52.xyz,43.135.36.103,80,http,,qbwqck52.xyz,CN,Hong Kong,http://zappstatic.qbwqck52.xyz,"Tencent Building, Kejizhongyi Avenue",HK
zappstatic.izgpya49.xyz,43.135.36.103,80,http,,izgpya49.xyz,CN,Hong Kong,http://zappstatic.izgpya49.xyz,"Tencent Building, Kejizhongyi Avenue",HK
https://zappstatic.ddcsrc47.xyz,43.135.36.103,443,https,,ddcsrc47.xyz,CN,Hong Kong,https://zappstatic.ddcsrc47.xyz,"Tencent Building, Kejizhongyi Avenue",HK
https://zappstatic.agping46.xyz,43.135.36.103,443,https,,agping46.xyz,CN,Hong Kong,https://zappstatic.agping46.xyz,"Tencent Building, Kejizhongyi Avenue",HK
https://zappstatic.skiyvc53.xyz,43.135.36.103,443,https,,skiyvc53.xyz,CN,Hong Kong,https://zappstatic.skiyvc53.xyz,"Tencent Building, Kejizhongyi Avenue",HK
https://zappstatic.zepzze55.xyz,43.135.36.103,443,https,,zepzze55.xyz,CN,Hong Kong,https://zappstatic.zepzze55.xyz,"Tencent Building, Kejizhongyi Avenue",HK
https://zappstatic.qbwqck52.xyz,43.135.36.103,443,https,,qbwqck52.xyz,CN,Hong Kong,https://zappstatic.qbwqck52.xyz,"Tencent Building, Kejizhongyi Avenue",HK
https://zappstatic.fllqpv48.xyz,43.135.36.103,443,https,,fllqpv48.xyz,CN,Hong Kong,https://zappstatic.fllqpv48.xyz,"Tencent Building, Kejizhongyi Avenue",HK
zappstatic.ddcsrc47.xyz,43.135.36.103,80,http,,ddcsrc47.xyz,CN,Hong Kong,http://zappstatic.ddcsrc47.xyz,"Tencent Building, Kejizhongyi Avenue",HK
zappstatic.agping46.xyz,43.135.36.103,80,http,,agping46.xyz,CN,Hong Kong,http://zappstatic.agping46.xyz,"Tencent Building, Kejizhongyi Avenue",HK
zappstatic.skiyvc53.xyz,43.135.36.103,80,http,,skiyvc53.xyz,CN,Hong Kong,http://zappstatic.skiyvc53.xyz,"Tencent Building, Kejizhongyi Avenue",HK
zappstatic.zepzze55.xyz,43.135.36.103,80,http,,zepzze55.xyz,CN,Hong Kong,http://zappstatic.zepzze55.xyz,"Tencent Building, Kejizhongyi Avenue",HK
https://zappstatic.owonzw51.xyz,43.135.36.103,443,https,,owonzw51.xyz,CN,Hong Kong,https://zappstatic.owonzw51.xyz,"Tencent Building, Kejizhongyi Avenue",HK
zappstatic.owonzw51.xyz,43.135.36.103,80,http,,owonzw51.xyz,CN,Hong Kong,http://zappstatic.owonzw51.xyz,"Tencent Building, Kejizhongyi Avenue",HK
https://119.28.20.126,119.28.20.126,443,https,403 Forbidden,,CN,Hong Kong,https://119.28.20.126,"Tencent Building, Kejizhongyi Avenue",HK
43.132.165.103:30019,43.132.165.103,30019,http,,,CN,Hong Kong,http://43.132.165.103:30019,"Tencent Building, Kejizhongyi Avenue",HK
https://xiao.4399jp.com,124.156.183.214,443,https,,4399jp.com,CN,Hong Kong,https://xiao.4399jp.com,"Tencent Building, Kejizhongyi Avenue",HK
https://129.226.187.141:8443,129.226.187.141,8443,https,403 Forbidden,,CN,Hong Kong,https://129.226.187.141:8443,"Tencent Building, Kejizhongyi Avenue",HK
https://womensports.site:9000,43.129.215.29,9000,https,,womensports.site,CN,Hong Kong,https://womensports.site:9000,"Tencent Building, Kejizhongyi Avenue",HK
https://asgeeker.cn:9000,43.129.215.29,9000,https,,asgeeker.cn,CN,Hong Kong,https://asgeeker.cn:9000,"Tencent Building, Kejizhongyi Avenue",HK
https://43.129.215.29:9000,43.129.215.29,9000,https,,,CN,Hong Kong,https://43.129.215.29:9000,"Tencent Building, Kejizhongyi Avenue",HK
https://43.135.125.163:50051,43.135.125.163,50051,https,403 Forbidden,,CN,Hong Kong,https://43.135.125.163:50051,"Tencent Building, Kejizhongyi Avenue",HK
https://43.135.20.121,43.135.20.121,443,https,403 Forbidden,,CN,Hong Kong,https://43.135.20.121,"Tencent Building, Kejizhongyi Avenue",HK
https://119.28.81.141:44444,119.28.81.141,44444,https,403 Forbidden,,CN,Hong Kong,https://119.28.81.141:44444,"Tencent Building, Kejizhongyi Avenue",HK
https://43.155.76.214:30443,43.155.76.214,30443,https,403 Forbidden,,CN,Hong Kong,https://43.155.76.214:30443,"Tencent Building, Kejizhongyi Avenue",HK
https://43.154.164.106:8250,43.154.164.106,8250,https,403 Forbidden,,CN,Hong Kong,https://43.154.164.106:8250,"Tencent Building, Kejizhongyi Avenue",HK
https://43.154.157.28:59999,43.154.157.28,59999,https,403 Forbidden,,CN,Hong Kong,https://43.154.157.28:59999,"Tencent Building, Kejizhongyi Avenue",HK
https://119.28.56.99:23456,119.28.56.99,23456,https,403 Forbidden,,CN,Hong Kong,https://119.28.56.99:23456,"Tencent Building, Kejizhongyi Avenue",HK
https://119.28.45.14:16008,119.28.45.14,16008,https,403 Forbidden,,CN,Hong Kong,https://119.28.45.14:16008,"Tencent Building, Kejizhongyi Avenue",HK
https://43.155.8.67:3076,43.155.8.67,3076,https,403 Forbidden,,CN,Hong Kong,https://43.155.8.67:3076,"Tencent Building, Kejizhongyi Avenue",HK
https://129.226.191.70:8443,129.226.191.70,8443,https,403 Forbidden,,CN,Hong Kong,https://129.226.191.70:8443,"Tencent Building, Kejizhongyi Avenue",HK
https://mx2.ai.chinadns.net,43.135.5.73,443,https,403 Forbidden,chinadns.net,CN,Hong Kong,https://mx2.ai.chinadns.net,"Tencent Building, Kejizhongyi Avenue",HK
https://129.226.116.46,129.226.116.46,443,https,403 Forbidden,,CN,Hong Kong,https://129.226.116.46,"Tencent Building, Kejizhongyi Avenue",HK
43.132.225.87:18080,43.132.225.87,18080,http,,,CN,Hong Kong,http://43.132.225.87:18080,"Tencent Building, Kejizhongyi Avenue",HK
https://119.28.58.214:9004,119.28.58.214,9004,https,403 Forbidden,,CN,Hong Kong,https://119.28.58.214:9004,"Tencent Building, Kejizhongyi Avenue",HK
https://119.28.58.214:9001,119.28.58.214,9001,https,403 Forbidden,,CN,Hong Kong,https://119.28.58.214:9001,"Tencent Building, Kejizhongyi Avenue",HK
https://43.135.44.101:30002,43.135.44.101,30002,https,403 Forbidden,,CN,Hong Kong,https://43.135.44.101:30002,"Tencent Building, Kejizhongyi Avenue",HK
https://43.154.175.88:3389,43.154.175.88,3389,https,403 Forbidden,,CN,Hong Kong,https://43.154.175.88:3389,"Tencent Building, Kejizhongyi Avenue",HK
https://43.128.6.191:7007,43.128.6.191,7007,https,403 Forbidden,,CN,Hong Kong,https://43.128.6.191:7007,"Tencent Building, Kejizhongyi Avenue",HK
https://129.226.164.243:10000,129.226.164.243,10000,https,403 Forbidden,,CN,Hong Kong,https://129.226.164.243:10000,"Tencent Building, Kejizhongyi Avenue",HK
https://43.135.70.87,43.135.70.87,443,https,403 Forbidden,,CN,Hong Kong,https://43.135.70.87,"Tencent Building, Kejizhongyi Avenue",HK
43.128.44.35:8866,43.128.44.35,8866,http,Network Error,,CN,Hong Kong,http://43.128.44.35:8866,"Tencent Building, Kejizhongyi Avenue",HK
43.132.154.66,43.132.154.66,80,http,403,,CN,Hong Kong,http://43.132.154.66,"Tencent Building, Kejizhongyi Avenue",HK
https://43.154.38.243:8443,43.154.38.243,8443,https,403 Forbidden,,CN,Hong Kong,https://43.154.38.243:8443,"Tencent Building, Kejizhongyi Avenue",HK
https://43.154.155.42:520,43.154.155.42,520,https,403 Forbidden,,CN,Hong Kong,https://43.154.155.42:520,"Tencent Building, Kejizhongyi Avenue",HK
https://43.154.155.155:8443,43.154.155.155,8443,https,403 Forbidden,,CN,Hong Kong,https://43.154.155.155:8443,"Tencent Building, Kejizhongyi Avenue",HK
43.128.15.118,43.128.15.118,80,http,403,,CN,Hong Kong,http://43.128.15.118,"Tencent Building, Kejizhongyi Avenue",HK
https://43.134.201.85:3173,43.134.201.85,3173,https,403 Forbidden,,CN,Hong Kong,https://43.134.201.85:3173,"Tencent Building, Kejizhongyi Avenue",HK
https://101.32.40.152:8443,101.32.40.152,8443,https,403 Forbidden,,CN,Hong Kong,https://101.32.40.152:8443,"Tencent Building, Kejizhongyi Avenue",HK
https://101.33.116.13,101.33.116.13,443,https,403 Forbidden,,CN,Hong Kong,https://101.33.116.13,"Tencent Building, Kejizhongyi Avenue",HK
https://43.154.168.39:8443,43.154.168.39,8443,https,403 Forbidden,,CN,Hong Kong,https://43.154.168.39:8443,"Tencent Building, Kejizhongyi Avenue",HK
https://43.135.125.124,43.135.125.124,443,https,403 Forbidden,,CN,Hong Kong,https://43.135.125.124,"Tencent Building, Kejizhongyi Avenue",HK
43.135.55.220,43.135.55.220,80,http,403,,CN,Hong Kong,http://43.135.55.220,"Tencent Building, Kejizhongyi Avenue",HK
dns.zf.cloudns.be,43.154.26.146,80,http,,cloudns.be,CN,Hong Kong,http://dns.zf.cloudns.be,"Tencent Building, Kejizhongyi Avenue",HK
https://43.159.198.135,43.159.198.135,443,https,403 Forbidden,,CN,Hong Kong,https://43.159.198.135,"Tencent Building, Kejizhongyi Avenue",HK
https://43.154.211.107,43.154.211.107,443,https,403 Forbidden,,CN,Hong Kong,https://43.154.211.107,"Tencent Building, Kejizhongyi Avenue",HK
43.132.154.66:3312,43.132.154.66,3312,http,403,,CN,Hong Kong,http://43.132.154.66:3312,"Tencent Building, Kejizhongyi Avenue",HK
https://43.134.212.117:8443,43.134.212.117,8443,https,403 Forbidden,,CN,Hong Kong,https://43.134.212.117:8443,"Tencent Building, Kejizhongyi Avenue",HK
https://43.129.203.208,43.129.203.208,443,https,403 Forbidden,,CN,Hong Kong,https://43.129.203.208,"Tencent Building, Kejizhongyi Avenue",HK
43.135.55.220:1988,43.135.55.220,1988,http,403,,CN,Hong Kong,http://43.135.55.220:1988,"Tencent Building, Kejizhongyi Avenue",HK
https://124.156.161.235:6666,124.156.161.235,6666,https,403 Forbidden,,CN,Hong Kong,https://124.156.161.235:6666,"Tencent Building, Kejizhongyi Avenue",HK
https://43.155.92.181:8443,43.155.92.181,8443,https,403 Forbidden,,CN,Hong Kong,https://43.155.92.181:8443,"Tencent Building, Kejizhongyi Avenue",HK
https://43.128.60.221:2443,43.128.60.221,2443,https,403 Forbidden,,CN,Hong Kong,https://43.128.60.221:2443,"Tencent Building, Kejizhongyi Avenue",HK
https://43.155.59.91:8443,43.155.59.91,8443,https,403 Forbidden,,CN,Hong Kong,https://43.155.59.91:8443,"Tencent Building, Kejizhongyi Avenue",HK
https://101.32.40.152:8441,101.32.40.152,8441,https,403 Forbidden,,CN,Hong Kong,https://101.32.40.152:8441,"Tencent Building, Kejizhongyi Avenue",HK
https://43.154.237.9:8443,43.154.237.9,8443,https,403 Forbidden,,CN,Hong Kong,https://43.154.237.9:8443,"Tencent Building, Kejizhongyi Avenue",HK
https://43.154.105.44,43.154.105.44,443,https,403 Forbidden,,CN,Hong Kong,https://43.154.105.44,"Tencent Building, Kejizhongyi Avenue",HK
https://43.128.6.137:10001,43.128.6.137,10001,https,403 Forbidden,,CN,Hong Kong,https://43.128.6.137:10001,"Tencent Building, Kejizhongyi Avenue",HK
