host,ip,port,protocol,title,domain,country,city,link,org
183.111.253.174,183.111.253.174,80,http,403 Forbidden,,KR,Seongnam,http://183.111.253.174,Korea Telecom
https://14.42.193.21:12345,14.42.193.21,12345,https,403 Forbidden,,KR,Seongnam,https://14.42.193.21:12345,Korea Telecom
https://119.203.153.186:12143,119.203.153.186,12143,https,403 Forbidden,,KR,Seongnam,https://119.203.153.186:12143,Korea Telecom
121.188.14.81:12143,121.188.14.81,12143,http,,,KR,Seongnam,http://121.188.14.81:12143,Korea Telecom
https://220.73.75.74:12143,220.73.75.74,12143,https,403 Forbidden,,KR,Seongnam,https://220.73.75.74:12143,Korea Telecom
https://121.154.156.72:50001,121.154.156.72,50001,https,403 Forbidden,,KR,Seongnam,https://121.154.156.72:50001,Korea Telecom
https://119.193.54.164:50001,119.193.54.164,50001,https,403 Forbidden,,KR,Goyang,https://119.193.54.164:50001,Korea Telecom
220.94.153.192:12143,220.94.153.192,12143,http,,,KR,Seongnam,http://220.94.153.192:12143,Korea Telecom
https://220.124.144.20:12142,220.124.144.20,12142,https,403 Forbidden,,KR,Seongnam,https://220.124.144.20:12142,Korea Telecom
https://218.156.212.127:12142,218.156.212.127,12142,https,403 Forbidden,,KR,Seongnam,https://218.156.212.127:12142,Korea Telecom
https://121.128.107.69:12142,121.128.107.69,12142,https,403 Forbidden,,KR,Seongnam,https://121.128.107.69:12142,Korea Telecom
https://183.100.213.59:12142,183.100.213.59,12142,https,403 Forbidden,,KR,Seongnam,https://183.100.213.59:12142,Korea Telecom
https://211.216.126.146:50000,211.216.126.146,50000,https,403 Forbidden,,KR,Namdong,https://211.216.126.146:50000,Korea Telecom
https://125.133.215.147:12141,125.133.215.147,12141,https,403 Forbidden,,KR,Seongnam,https://125.133.215.147:12141,Korea Telecom
https://218.145.234.206:18102,218.145.234.206,18102,https,403 Forbidden,,KR,Seongnam,https://218.145.234.206:18102,Korea Telecom
https://183.99.44.52:50000,183.99.44.52,50000,https,403 Forbidden,,KR,Seongnam,https://183.99.44.52:50000,Korea Telecom
https://59.16.75.225:12142,59.16.75.225,12142,https,403 Forbidden,,KR,Bucheon,https://59.16.75.225:12142,Korea Telecom
https://175.199.46.179:50001,175.199.46.179,50001,https,403 Forbidden,,KR,Seongnam,https://175.199.46.179:50001,Korea Telecom
https://121.145.134.131:12141,121.145.134.131,12141,https,403 Forbidden,,KR,Seongnam,https://121.145.134.131:12141,Korea Telecom
https://211.57.29.229:12141,211.57.29.229,12141,https,403 Forbidden,,KR,Seoul,https://211.57.29.229:12141,Korea Telecom
https://222.113.18.214:12141,222.113.18.214,12141,https,403 Forbidden,,KR,Seongnam,https://222.113.18.214:12141,Korea Telecom
https://14.35.27.166:12140,14.35.27.166,12140,https,403 Forbidden,,KR,Ansan,https://14.35.27.166:12140,Korea Telecom
https://14.43.84.254:12140,14.43.84.254,12140,https,403 Forbidden,,KR,Seongnam,https://14.43.84.254:12140,Korea Telecom
https://125.137.186.95:38519,125.137.186.95,38519,https,403 Forbidden,,KR,Seongnam,https://125.137.186.95:38519,Korea Telecom
https://112.184.209.63:10003,112.184.209.63,10003,https,403 Forbidden,,KR,Sokcho,https://112.184.209.63:10003,Korea Telecom
https://112.185.223.152:50001,112.185.223.152,50001,https,403 Forbidden,,KR,Seongnam,https://112.185.223.152:50001,Korea Telecom
https://220.70.146.99:23352,220.70.146.99,23352,https,403 Forbidden,,KR,Seongnam,https://220.70.146.99:23352,Korea Telecom
https://210.223.3.21:12139,210.223.3.21,12139,https,403 Forbidden,,KR,Seongnam,https://210.223.3.21:12139,Korea Telecom
https://59.18.187.167:50001,59.18.187.167,50001,https,403 Forbidden,,KR,Seongnam,https://59.18.187.167:50001,Korea Telecom
https://211.51.199.88:12140,211.51.199.88,12140,https,403 Forbidden,,KR,Seongnam,https://211.51.199.88:12140,Korea Telecom
https://112.187.91.249:32677,112.187.91.249,32677,https,403 Forbidden,,KR,Seongnam,https://112.187.91.249:32677,Korea Telecom
https://121.152.127.130:12140,121.152.127.130,12140,https,403 Forbidden,,KR,Seongnam,https://121.152.127.130:12140,Korea Telecom
https://211.55.213.199:35342,211.55.213.199,35342,https,403 Forbidden,,KR,Seongnam,https://211.55.213.199:35342,Korea Telecom
https://183.101.8.97:25105,183.101.8.97,25105,https,403 Forbidden,,KR,Seongnam,https://183.101.8.97:25105,Korea Telecom
https://220.89.140.11:12138,220.89.140.11,12138,https,403 Forbidden,,KR,Seongnam,https://220.89.140.11:12138,Korea Telecom
https://220.76.29.45:50001,220.76.29.45,50001,https,403 Forbidden,,KR,Seongnam,https://220.76.29.45:50001,Korea Telecom
https://61.77.0.25:12139,61.77.0.25,12139,https,403 Forbidden,,KR,Seongnam,https://61.77.0.25:12139,Korea Telecom
https://221.144.97.108:12138,221.144.97.108,12138,https,403 Forbidden,,KR,Seongnam,https://221.144.97.108:12138,Korea Telecom
https://121.153.173.117:50001,121.153.173.117,50001,https,403 Forbidden,,KR,Seongnam,https://121.153.173.117:50001,Korea Telecom
https://121.133.44.81:50000,121.133.44.81,50000,https,403 Forbidden,,KR,Guri,https://121.133.44.81:50000,Korea Telecom
https://121.144.201.72:12137,121.144.201.72,12137,https,403 Forbidden,,KR,Busan,https://121.144.201.72:12137,Korea Telecom
https://59.31.58.198:50000,59.31.58.198,50000,https,403 Forbidden,,KR,Seoul,https://59.31.58.198:50000,Korea Telecom
https://119.201.52.177:12137,119.201.52.177,12137,https,403 Forbidden,,KR,Daegu,https://119.201.52.177:12137,Korea Telecom
https://59.26.208.19:12137,59.26.208.19,12137,https,403 Forbidden,,KR,Seongnam,https://59.26.208.19:12137,Korea Telecom
https://118.46.24.50:50001,118.46.24.50,50001,https,403 Forbidden,,KR,Cheongju,https://118.46.24.50:50001,Korea Telecom
https://118.46.37.203:50000,118.46.37.203,50000,https,403 Forbidden,,KR,Seongnam,https://118.46.37.203:50000,Korea Telecom
https://220.83.182.223:50001,220.83.182.223,50001,https,403 Forbidden,,KR,Seongnam,https://220.83.182.223:50001,Korea Telecom
https://211.251.24.52:12137,211.251.24.52,12137,https,403 Forbidden,,KR,Seongnam,https://211.251.24.52:12137,Korea Telecom
https://125.129.212.17:12136,125.129.212.17,12136,https,403 Forbidden,,KR,Seongnam,https://125.129.212.17:12136,Korea Telecom
https://121.175.118.75:11434,121.175.118.75,11434,https,403 Forbidden,,KR,Seongnam,https://121.175.118.75:11434,Korea Telecom
https://59.23.74.189:12136,59.23.74.189,12136,https,403 Forbidden,,KR,Seongnam,https://59.23.74.189:12136,Korea Telecom
https://222.108.221.31:12136,222.108.221.31,12136,https,403 Forbidden,,KR,Bucheon,https://222.108.221.31:12136,Korea Telecom
211.33.189.135:10030,211.33.189.135,10030,http,,,KR,Seongnam,http://211.33.189.135:10030,Korea Telecom
https://220.124.107.128:50000,220.124.107.128,50000,https,403 Forbidden,,KR,Seongnam,https://220.124.107.128:50000,Korea Telecom
121.150.119.145:12136,121.150.119.145,12136,http,,,KR,Seongnam,http://121.150.119.145:12136,Korea Telecom
https://220.118.240.198:12136,220.118.240.198,12136,https,403 Forbidden,,KR,Seongnam,https://220.118.240.198:12136,Korea Telecom
https://112.166.90.4:50001,112.166.90.4,50001,https,403 Forbidden,,KR,Seongnam,https://112.166.90.4:50001,Korea Telecom
https://183.105.151.175:12136,183.105.151.175,12136,https,403 Forbidden,,KR,Sinan,https://183.105.151.175:12136,Korea Telecom
https://221.156.234.100:12136,221.156.234.100,12136,https,403 Forbidden,,KR,Seongnam,https://221.156.234.100:12136,Korea Telecom
https://221.161.238.13:12135,221.161.238.13,12135,https,403 Forbidden,,KR,Seongnam,https://221.161.238.13:12135,Korea Telecom
https://121.189.106.45:12135,121.189.106.45,12135,https,403 Forbidden,,KR,Jeju,https://121.189.106.45:12135,Korea Telecom
211.185.55.229:12135,211.185.55.229,12135,http,,,KR,Seongnam,http://211.185.55.229:12135,Korea Telecom
https://168.126.210.143:12135,168.126.210.143,12135,https,403 Forbidden,,KR,Seongnam,https://168.126.210.143:12135,Korea Telecom
https://119.195.77.103:16922,119.195.77.103,16922,https,403 Forbidden,,KR,Seongnam,https://119.195.77.103:16922,Korea Telecom
59.17.201.242:10035,59.17.201.242,10035,http,,,KR,Seongnam,http://59.17.201.242:10035,Korea Telecom
https://59.14.38.123:12135,59.14.38.123,12135,https,403 Forbidden,,KR,Anyang,https://59.14.38.123:12135,Korea Telecom
https://183.98.8.11:12135,183.98.8.11,12135,https,403 Forbidden,,KR,Seongnam,https://183.98.8.11:12135,Korea Telecom
https://59.11.158.163:12134,59.11.158.163,12134,https,403 Forbidden,,KR,Seongnam,https://59.11.158.163:12134,Korea Telecom
https://121.152.76.68:12133,121.152.76.68,12133,https,403 Forbidden,,KR,Seongnam,https://121.152.76.68:12133,Korea Telecom
https://125.129.212.17:12134,125.129.212.17,12134,https,403 Forbidden,,KR,Seongnam,https://125.129.212.17:12134,Korea Telecom
https://121.161.151.18:12134,121.161.151.18,12134,https,403 Forbidden,,KR,Seongnam,https://121.161.151.18:12134,Korea Telecom
https://121.149.129.13:12134,121.149.129.13,12134,https,403 Forbidden,,KR,Seongnam,https://121.149.129.13:12134,Korea Telecom
https://121.149.208.174:12134,121.149.208.174,12134,https,403 Forbidden,,KR,Yeosu,https://121.149.208.174:12134,Korea Telecom
https://121.161.238.188:12134,121.161.238.188,12134,https,403 Forbidden,,KR,Seongnam,https://121.161.238.188:12134,Korea Telecom
https://175.193.219.253:12134,175.193.219.253,12134,https,403 Forbidden,,KR,Seongnam,https://175.193.219.253:12134,Korea Telecom
https://211.220.30.21:10035,211.220.30.21,10035,https,403 Forbidden,,KR,Seongnam,https://211.220.30.21:10035,Korea Telecom
https://211.199.65.186:12132,211.199.65.186,12132,https,403 Forbidden,,KR,Seongnam,https://211.199.65.186:12132,Korea Telecom
https://125.138.8.218:12133,125.138.8.218,12133,https,403 Forbidden,,KR,Seongnam,https://125.138.8.218:12133,Korea Telecom
https://121.174.127.86:12133,121.174.127.86,12133,https,403 Forbidden,,KR,Busan,https://121.174.127.86:12133,Korea Telecom
https://218.158.237.233:12133,218.158.237.233,12133,https,403 Forbidden,,KR,Seongnam,https://218.158.237.233:12133,Korea Telecom
220.116.71.64:12133,220.116.71.64,12133,http,,,KR,Seongnam,http://220.116.71.64:12133,Korea Telecom
https://183.102.18.225:50000,183.102.18.225,50000,https,403 Forbidden,,KR,Bucheon,https://183.102.18.225:50000,Korea Telecom
https://119.202.158.65:12132,119.202.158.65,12132,https,403 Forbidden,,KR,Seongnam,https://119.202.158.65:12132,Korea Telecom
https://175.204.136.250:50001,175.204.136.250,50001,https,403 Forbidden,,KR,Seongnam,https://175.204.136.250:50001,Korea Telecom
https://125.132.122.14:50001,125.132.122.14,50001,https,403 Forbidden,,KR,Seongnam,https://125.132.122.14:50001,Korea Telecom
https://220.124.190.236:12133,220.124.190.236,12133,https,403 Forbidden,,KR,Seoul,https://220.124.190.236:12133,Korea Telecom
https://183.105.79.16:10912,183.105.79.16,10912,https,403 Forbidden,,KR,Seongnam,https://183.105.79.16:10912,Korea Telecom
https://222.114.87.213:50000,222.114.87.213,50000,https,403 Forbidden,,KR,Seongnam,https://222.114.87.213:50000,Korea Telecom
https://119.199.56.210:50001,119.199.56.210,50001,https,403 Forbidden,,KR,Seongnam,https://119.199.56.210:50001,Korea Telecom
https://59.24.8.34:12131,59.24.8.34,12131,https,403 Forbidden,,KR,Seongnam,https://59.24.8.34:12131,Korea Telecom
https://222.105.5.151:50000,222.105.5.151,50000,https,403 Forbidden,,KR,Seongnam,https://222.105.5.151:50000,Korea Telecom
https://59.19.15.198:12132,59.19.15.198,12132,https,403 Forbidden,,KR,Changwon,https://59.19.15.198:12132,Korea Telecom
https://211.107.78.166:12132,211.107.78.166,12132,https,403 Forbidden,,KR,Seongnam,https://211.107.78.166:12132,Korea Telecom
https://121.132.40.71:12131,121.132.40.71,12131,https,403 Forbidden,,KR,Seongnam,https://121.132.40.71:12131,Korea Telecom
https://119.205.6.124:50001,119.205.6.124,50001,https,403 Forbidden,,KR,Seongnam,https://119.205.6.124:50001,Korea Telecom
222.103.238.40:12132,222.103.238.40,12132,http,,,KR,Mungyeong,http://222.103.238.40:12132,Korea Telecom
https://211.34.120.242:50001,211.34.120.242,50001,https,403 Forbidden,,KR,Seongnam,https://211.34.120.242:50001,Korea Telecom
https://211.227.75.196,211.227.75.196,443,https,403 Forbidden,,KR,Seongnam,https://211.227.75.196,Korea Telecom
https://183.104.176.223:50001,183.104.176.223,50001,https,403 Forbidden,,KR,Yangsan,https://183.104.176.223:50001,Korea Telecom
https://183.106.23.185:50000,183.106.23.185,50000,https,403 Forbidden,,KR,Seongnam,https://183.106.23.185:50000,Korea Telecom
https://220.125.184.164:50001,220.125.184.164,50001,https,403 Forbidden,,KR,Seongnam,https://220.125.184.164:50001,Korea Telecom
https://119.202.158.65:10001,119.202.158.65,10001,https,403 Forbidden,,KR,Seongnam,https://119.202.158.65:10001,Korea Telecom
https://112.186.152.85:50000,112.186.152.85,50000,https,403 Forbidden,,KR,Seongnam,https://112.186.152.85:50000,Korea Telecom
https://59.30.160.83:50001,59.30.160.83,50001,https,403 Forbidden,,KR,Seongnam,https://59.30.160.83:50001,Korea Telecom
https://125.138.193.176:20201,125.138.193.176,20201,https,403 Forbidden,,KR,Seongnam,https://125.138.193.176:20201,Korea Telecom
https://14.48.60.221:12131,14.48.60.221,12131,https,403 Forbidden,,KR,Seongnam,https://14.48.60.221:12131,Korea Telecom
220.94.94.109:20201,220.94.94.109,20201,http,,,KR,Seongnam,http://220.94.94.109:20201,Korea Telecom
https://121.189.67.5:12130,121.189.67.5,12130,https,403 Forbidden,,KR,Seongnam,https://121.189.67.5:12130,Korea Telecom
https://59.8.178.67:50000,59.8.178.67,50000,https,403 Forbidden,,KR,Seongnam,https://59.8.178.67:50000,Korea Telecom
https://220.79.29.86:12130,220.79.29.86,12130,https,403 Forbidden,,KR,Bucheon,https://220.79.29.86:12130,Korea Telecom
https://59.22.136.160:12130,59.22.136.160,12130,https,403 Forbidden,,KR,Seongnam,https://59.22.136.160:12130,Korea Telecom
https://183.101.245.148:50000,183.101.245.148,50000,https,403 Forbidden,,KR,Seongnam,https://183.101.245.148:50000,Korea Telecom
https://220.77.92.229:12130,220.77.92.229,12130,https,403 Forbidden,,KR,Busan,https://220.77.92.229:12130,Korea Telecom
https://211.105.152.128:12128,211.105.152.128,12128,https,403 Forbidden,,KR,Gimcheon,https://211.105.152.128:12128,Korea Telecom
https://222.97.226.51:17967,222.97.226.51,17967,https,403 Forbidden,,KR,Seongnam,https://222.97.226.51:17967,Korea Telecom
https://112.186.163.26:12128,112.186.163.26,12128,https,403 Forbidden,,KR,Seongnam,https://112.186.163.26:12128,Korea Telecom
https://220.80.154.29:10443,220.80.154.29,10443,https,403 Forbidden,,KR,Gwangju,https://220.80.154.29:10443,Korea Telecom
https://14.36.22.205:50000,14.36.22.205,50000,https,403 Forbidden,,KR,Gwangmyeong,https://14.36.22.205:50000,Korea Telecom
https://112.173.102.47:10000,112.173.102.47,10000,https,403 Forbidden,,KR,Seongnam,https://112.173.102.47:10000,Korea Telecom
https://183.109.227.86:50000,183.109.227.86,50000,https,403 Forbidden,,KR,Seongnam,https://183.109.227.86:50000,Korea Telecom
https://125.138.193.176:12128,125.138.193.176,12128,https,403 Forbidden,,KR,Seongnam,https://125.138.193.176:12128,Korea Telecom
https://183.108.94.16:10003,183.108.94.16,10003,https,403 Forbidden,,KR,Yeoncheon,https://183.108.94.16:10003,Korea Telecom
https://175.203.46.51:12128,175.203.46.51,12128,https,403 Forbidden,,KR,Seongnam,https://175.203.46.51:12128,Korea Telecom
https://121.154.97.193:12661,121.154.97.193,12661,https,403 Forbidden,,KR,Jeonju,https://121.154.97.193:12661,Korea Telecom
https://211.34.41.95:34171,211.34.41.95,34171,https,403 Forbidden,,KR,Seongnam,https://211.34.41.95:34171,Korea Telecom
https://59.29.143.247:12128,59.29.143.247,12128,https,403 Forbidden,,KR,Wonju,https://59.29.143.247:12128,Korea Telecom
https://59.13.75.15:11310,59.13.75.15,11310,https,403 Forbidden,,KR,Seongnam,https://59.13.75.15:11310,Korea Telecom
https://118.41.242.12:10001,118.41.242.12,10001,https,403 Forbidden,,KR,Seongnam,https://118.41.242.12:10001,Korea Telecom
https://119.194.131.80:12128,119.194.131.80,12128,https,403 Forbidden,,KR,Seongnam,https://119.194.131.80:12128,Korea Telecom
https://121.161.151.18:12128,121.161.151.18,12128,https,403 Forbidden,,KR,Seongnam,https://121.161.151.18:12128,Korea Telecom
https://183.104.17.160:32770,183.104.17.160,32770,https,403 Forbidden,,KR,Seongnam,https://183.104.17.160:32770,Korea Telecom
https://112.169.220.13:10443,112.169.220.13,10443,https,403 Forbidden,,KR,Seongnam,https://112.169.220.13:10443,Korea Telecom
121.172.139.157:12127,121.172.139.157,12127,http,,,KR,Seongnam,http://121.172.139.157:12127,Korea Telecom
https://59.6.66.9:50000,59.6.66.9,50000,https,403 Forbidden,,KR,Guri,https://59.6.66.9:50000,Korea Telecom
https://220.71.216.216:12917,220.71.216.216,12917,https,403 Forbidden,,KR,Seongnam,https://220.71.216.216:12917,Korea Telecom
https://112.171.68.22:10001,112.171.68.22,10001,https,403 Forbidden,,KR,Gwangmyeong,https://112.171.68.22:10001,Korea Telecom
https://121.177.159.95:12126,121.177.159.95,12126,https,403 Forbidden,,KR,Seongnam,https://121.177.159.95:12126,Korea Telecom
https://211.199.92.237:50000,211.199.92.237,50000,https,403 Forbidden,,KR,Seongnam,https://211.199.92.237:50000,Korea Telecom
https://222.113.74.67:50000,222.113.74.67,50000,https,403 Forbidden,,KR,Seongnam,https://222.113.74.67:50000,Korea Telecom
https://183.98.182.70:11001,183.98.182.70,11001,https,403 Forbidden,,KR,Seongnam,https://183.98.182.70:11001,Korea Telecom
121.180.100.204:12126,121.180.100.204,12126,http,,,KR,Seongnam,http://121.180.100.204:12126,Korea Telecom
https://221.156.150.179:12126,221.156.150.179,12126,https,403 Forbidden,,KR,Mokpo,https://221.156.150.179:12126,Korea Telecom
https://112.167.246.29:12126,112.167.246.29,12126,https,403 Forbidden,,KR,Seongnam,https://112.167.246.29:12126,Korea Telecom
https://119.196.21.70:37810,119.196.21.70,37810,https,403 Forbidden,,KR,Seongnam,https://119.196.21.70:37810,Korea Telecom
https://118.37.73.36:10909,118.37.73.36,10909,https,403 Forbidden,,KR,Seongnam,https://118.37.73.36:10909,Korea Telecom
112.185.190.94:18080,112.185.190.94,18080,http,,,KR,Seongnam,http://112.185.190.94:18080,Korea Telecom
https://210.179.71.53:12125,210.179.71.53,12125,https,403 Forbidden,,KR,Seongnam,https://210.179.71.53:12125,Korea Telecom
https://59.30.47.129:50000,59.30.47.129,50000,https,403 Forbidden,,KR,Gangneung,https://59.30.47.129:50000,Korea Telecom
https://222.120.90.174:12125,222.120.90.174,12125,https,403 Forbidden,,KR,Seongnam,https://222.120.90.174:12125,Korea Telecom
https://211.34.41.95:12125,211.34.41.95,12125,https,403 Forbidden,,KR,Seongnam,https://211.34.41.95:12125,Korea Telecom
https://175.215.156.46:12125,175.215.156.46,12125,https,403 Forbidden,,KR,Seongnam,https://175.215.156.46:12125,Korea Telecom
https://218.147.223.43:25605,218.147.223.43,25605,https,403 Forbidden,,KR,Seongnam,https://218.147.223.43:25605,Korea Telecom
https://121.144.201.72:12125,121.144.201.72,12125,https,403 Forbidden,,KR,Busan,https://121.144.201.72:12125,Korea Telecom
https://59.28.6.215:50000,59.28.6.215,50000,https,403 Forbidden,,KR,Gwangju,https://59.28.6.215:50000,Korea Telecom
https://183.107.83.237:50000,183.107.83.237,50000,https,403 Forbidden,,KR,Seongnam,https://183.107.83.237:50000,Korea Telecom
https://220.86.104.93:50000,220.86.104.93,50000,https,403 Forbidden,,KR,Seongnam,https://220.86.104.93:50000,Korea Telecom
https://14.42.193.21:12124,14.42.193.21,12124,https,403 Forbidden,,KR,Seongnam,https://14.42.193.21:12124,Korea Telecom
https://121.175.251.36:12124,121.175.251.36,12124,https,403 Forbidden,,KR,Busan,https://121.175.251.36:12124,Korea Telecom
https://175.200.236.157:50000,175.200.236.157,50000,https,403 Forbidden,,KR,Busan,https://175.200.236.157:50000,Korea Telecom
https://175.198.156.202:10000,175.198.156.202,10000,https,403 Forbidden,,KR,Bucheon,https://175.198.156.202:10000,Korea Telecom
https://221.161.176.222:50000,221.161.176.222,50000,https,403 Forbidden,,KR,Seongnam,https://221.161.176.222:50000,Korea Telecom
https://119.194.220.238:31885,119.194.220.238,31885,https,403 Forbidden,,KR,Seongnam,https://119.194.220.238:31885,Korea Telecom
125.134.168.148:31680,125.134.168.148,31680,http,,,KR,Seongnam,http://125.134.168.148:31680,Korea Telecom
https://222.102.84.30:12124,222.102.84.30,12124,https,403 Forbidden,,KR,Gwangju,https://222.102.84.30:12124,Korea Telecom
https://221.154.63.17:12124,221.154.63.17,12124,https,403 Forbidden,,KR,Seongnam,https://221.154.63.17:12124,Korea Telecom
https://59.2.181.172:50000,59.2.181.172,50000,https,403 Forbidden,,KR,Seongnam,https://59.2.181.172:50000,Korea Telecom
https://121.142.137.147:12123,121.142.137.147,12123,https,403 Forbidden,,KR,Namdong,https://121.142.137.147:12123,Korea Telecom
https://61.73.97.119:10002,61.73.97.119,10002,https,403 Forbidden,,KR,Seongnam,https://61.73.97.119:10002,Korea Telecom
https://59.11.89.252:20201,59.11.89.252,20201,https,403 Forbidden,,KR,Seongnam,https://59.11.89.252:20201,Korea Telecom
https://119.194.79.217:12123,119.194.79.217,12123,https,403 Forbidden,,KR,Seongnam,https://119.194.79.217:12123,Korea Telecom
https://61.79.48.98:12123,61.79.48.98,12123,https,403 Forbidden,,KR,Seongnam,https://61.79.48.98:12123,Korea Telecom
https://211.197.138.121:12123,211.197.138.121,12123,https,403 Forbidden,,KR,Seongnam,https://211.197.138.121:12123,Korea Telecom
https://121.129.163.178:10002,121.129.163.178,10002,https,403 Forbidden,,KR,Seongnam,https://121.129.163.178:10002,Korea Telecom
https://125.134.169.165:12123,125.134.169.165,12123,https,403 Forbidden,,KR,Seongnam,https://125.134.169.165:12123,Korea Telecom
https://61.72.115.195:20201,61.72.115.195,20201,https,403 Forbidden,,KR,Seongnam,https://61.72.115.195:20201,Korea Telecom
https://220.123.29.114:10443,220.123.29.114,10443,https,403 Forbidden,,KR,Seongnam,https://220.123.29.114:10443,Korea Telecom
https://221.164.165.14:50000,221.164.165.14,50000,https,403 Forbidden,,KR,Seongnam,https://221.164.165.14:50000,Korea Telecom
https://121.129.163.178:20000,121.129.163.178,20000,https,403 Forbidden,,KR,Seongnam,https://121.129.163.178:20000,Korea Telecom
https://125.133.178.233:12122,125.133.178.233,12122,https,403 Forbidden,,KR,Seongnam,https://125.133.178.233:12122,Korea Telecom
https://118.40.112.188:12122,118.40.112.188,12122,https,403 Forbidden,,KR,Seongnam,https://118.40.112.188:12122,Korea Telecom
https://211.114.180.156:20202,211.114.180.156,20202,https,403 Forbidden,,KR,Seongnam,https://211.114.180.156:20202,Korea Telecom
https://220.95.33.248:50000,220.95.33.248,50000,https,403 Forbidden,,KR,Mokpo,https://220.95.33.248:50000,Korea Telecom
https://222.114.4.16:50000,222.114.4.16,50000,https,403 Forbidden,,KR,Seongnam,https://222.114.4.16:50000,Korea Telecom
https://119.201.195.135:32414,119.201.195.135,32414,https,403 Forbidden,,KR,Dalseong,https://119.201.195.135:32414,Korea Telecom
https://183.98.8.11:12122,183.98.8.11,12122,https,403 Forbidden,,KR,Seongnam,https://183.98.8.11:12122,Korea Telecom
https://211.184.154.229:20202,211.184.154.229,20202,https,403 Forbidden,,KR,Seongnam,https://211.184.154.229:20202,Korea Telecom
https://175.215.205.40:12121,175.215.205.40,12121,https,403 Forbidden,,KR,Seongnam,https://175.215.205.40:12121,Korea Telecom
https://222.107.236.137:17988,222.107.236.137,17988,https,403 Forbidden,,KR,Seongnam,https://222.107.236.137:17988,Korea Telecom
https://183.105.151.175:10002,183.105.151.175,10002,https,403 Forbidden,,KR,Sinan,https://183.105.151.175:10002,Korea Telecom
https://183.103.250.110:50000,183.103.250.110,50000,https,403 Forbidden,,KR,Seongnam,https://183.103.250.110:50000,Korea Telecom
https://211.199.65.186:12121,211.199.65.186,12121,https,403 Forbidden,,KR,Seongnam,https://211.199.65.186:12121,Korea Telecom
https://112.173.225.88:12121,112.173.225.88,12121,https,403 Forbidden,,KR,Seongnam,https://112.173.225.88:12121,Korea Telecom
59.2.119.71:12121,59.2.119.71,12121,http,,,KR,Seongnam,http://59.2.119.71:12121,Korea Telecom
https://221.165.144.240:50000,221.165.144.240,50000,https,403 Forbidden,,KR,Seongnam,https://221.165.144.240:50000,Korea Telecom
https://183.108.166.152:16000,183.108.166.152,16000,https,403 Forbidden,,KR,Seongnam,https://183.108.166.152:16000,Korea Telecom
https://59.31.120.135:12120,59.31.120.135,12120,https,403 Forbidden,,KR,Seongnam,https://59.31.120.135:12120,Korea Telecom
https://222.103.130.244:33848,222.103.130.244,33848,https,403 Forbidden,,KR,Seongnam,https://222.103.130.244:33848,Korea Telecom
https://59.31.155.92:50000,59.31.155.92,50000,https,403 Forbidden,,KR,Seongnam,https://59.31.155.92:50000,Korea Telecom
https://125.132.32.84:12120,125.132.32.84,12120,https,403 Forbidden,,KR,Seongnam,https://125.132.32.84:12120,Korea Telecom
https://61.73.210.209:12120,61.73.210.209,12120,https,403 Forbidden,,KR,Seongnam,https://61.73.210.209:12120,Korea Telecom
https://14.46.201.30:20000,14.46.201.30,20000,https,403 Forbidden,,KR,Seongnam,https://14.46.201.30:20000,Korea Telecom
https://59.14.45.119:50000,59.14.45.119,50000,https,403 Forbidden,,KR,Seongnam,https://59.14.45.119:50000,Korea Telecom
https://222.120.90.174:18080,222.120.90.174,18080,https,403 Forbidden,,KR,Seongnam,https://222.120.90.174:18080,Korea Telecom
https://121.175.118.75:12120,121.175.118.75,12120,https,403 Forbidden,,KR,Seongnam,https://121.175.118.75:12120,Korea Telecom
https://14.39.197.208:12120,14.39.197.208,12120,https,403 Forbidden,,KR,Seongnam,https://14.39.197.208:12120,Korea Telecom
https://14.39.43.121:12119,14.39.43.121,12119,https,403 Forbidden,,KR,Seoul,https://14.39.43.121:12119,Korea Telecom
https://211.38.222.37:12119,211.38.222.37,12119,https,403 Forbidden,,KR,Seongnam,https://211.38.222.37:12119,Korea Telecom
https://14.56.126.220:12119,14.56.126.220,12119,https,403 Forbidden,,KR,Seongnam,https://14.56.126.220:12119,Korea Telecom
https://175.211.154.200:12119,175.211.154.200,12119,https,403 Forbidden,,KR,Seongnam,https://175.211.154.200:12119,Korea Telecom
https://119.201.195.135:10001,119.201.195.135,10001,https,403 Forbidden,,KR,Dalseong,https://119.201.195.135:10001,Korea Telecom
https://183.105.224.204:12119,183.105.224.204,12119,https,403 Forbidden,,KR,Seongnam,https://183.105.224.204:12119,Korea Telecom
https://121.135.110.70:12119,121.135.110.70,12119,https,403 Forbidden,,KR,Seongnam,https://121.135.110.70:12119,Korea Telecom
121.144.41.183:16992,121.144.41.183,16992,http,,,KR,Seongnam,http://121.144.41.183:16992,Korea Telecom
https://221.164.192.95:50000,221.164.192.95,50000,https,403 Forbidden,,KR,Seongnam,https://221.164.192.95:50000,Korea Telecom
https://118.45.1.145:12118,118.45.1.145,12118,https,403 Forbidden,,KR,Seongnam,https://118.45.1.145:12118,Korea Telecom
https://118.41.164.139:10035,118.41.164.139,10035,https,403 Forbidden,,KR,Seongnam,https://118.41.164.139:10035,Korea Telecom
https://121.170.103.94:12118,121.170.103.94,12118,https,403 Forbidden,,KR,Seongnam,https://121.170.103.94:12118,Korea Telecom
https://121.142.137.147:12118,121.142.137.147,12118,https,403 Forbidden,,KR,Namdong,https://121.142.137.147:12118,Korea Telecom
https://222.120.189.54:12118,222.120.189.54,12118,https,403 Forbidden,,KR,Seongnam,https://222.120.189.54:12118,Korea Telecom
https://112.185.53.230:12118,112.185.53.230,12118,https,403 Forbidden,,KR,Seongnam,https://112.185.53.230:12118,Korea Telecom
https://118.41.95.26:12118,118.41.95.26,12118,https,403 Forbidden,,KR,Seongnam,https://118.41.95.26:12118,Korea Telecom
https://121.164.75.109:12118,121.164.75.109,12118,https,403 Forbidden,,KR,Namyangju,https://121.164.75.109:12118,Korea Telecom
https://121.150.130.214:12118,121.150.130.214,12118,https,403 Forbidden,,KR,Seongnam,https://121.150.130.214:12118,Korea Telecom
https://183.107.115.12:50000,183.107.115.12,50000,https,403 Forbidden,,KR,Daejeon,https://183.107.115.12:50000,Korea Telecom
https://14.57.130.109:12118,14.57.130.109,12118,https,403 Forbidden,,KR,Seongnam,https://14.57.130.109:12118,Korea Telecom
https://211.224.144.138:50000,211.224.144.138,50000,https,403 Forbidden,,KR,Seongnam,https://211.224.144.138:50000,Korea Telecom
https://61.75.229.45:12117,61.75.229.45,12117,https,403 Forbidden,,KR,Seongnam,https://61.75.229.45:12117,Korea Telecom
https://118.38.245.243:12117,118.38.245.243,12117,https,403 Forbidden,,KR,Seongnam,https://118.38.245.243:12117,Korea Telecom
112.163.80.193:12117,112.163.80.193,12117,http,,,KR,Seongnam,http://112.163.80.193:12117,Korea Telecom
https://119.194.73.69:12117,119.194.73.69,12117,https,403 Forbidden,,KR,Seongnam,https://119.194.73.69:12117,Korea Telecom
https://175.208.142.21:18080,175.208.142.21,18080,https,403 Forbidden,,KR,Seongnam,https://175.208.142.21:18080,Korea Telecom
https://211.199.65.186:12117,211.199.65.186,12117,https,403 Forbidden,,KR,Seongnam,https://211.199.65.186:12117,Korea Telecom
https://175.205.117.178:12117,175.205.117.178,12117,https,403 Forbidden,,KR,Seongnam,https://175.205.117.178:12117,Korea Telecom
61.75.175.226:10255,61.75.175.226,10255,http,,,KR,Seongnam,http://61.75.175.226:10255,Korea Telecom
https://118.40.112.188:12117,118.40.112.188,12117,https,403 Forbidden,,KR,Seongnam,https://118.40.112.188:12117,Korea Telecom
https://175.206.240.24:12117,175.206.240.24,12117,https,403 Forbidden,,KR,Seongnam,https://175.206.240.24:12117,Korea Telecom
https://220.122.181.249:12116,220.122.181.249,12116,https,403 Forbidden,,KR,Seongnam,https://220.122.181.249:12116,Korea Telecom
https://175.204.96.129:12116,175.204.96.129,12116,https,403 Forbidden,,KR,Seongnam,https://175.204.96.129:12116,Korea Telecom
https://222.99.10.60:12116,222.99.10.60,12116,https,403 Forbidden,,KR,Seongnam,https://222.99.10.60:12116,Korea Telecom
https://125.134.6.129:12116,125.134.6.129,12116,https,403 Forbidden,,KR,Seongnam,https://125.134.6.129:12116,Korea Telecom
https://61.79.224.239:12115,61.79.224.239,12115,https,403 Forbidden,,KR,Seongnam,https://61.79.224.239:12115,Korea Telecom
https://125.143.79.246:12115,125.143.79.246,12115,https,403 Forbidden,,KR,Seongnam,https://125.143.79.246:12115,Korea Telecom
https://175.195.109.5:12115,175.195.109.5,12115,https,403 Forbidden,,KR,Seongnam,https://175.195.109.5:12115,Korea Telecom
https://59.26.87.157:50000,59.26.87.157,50000,https,403 Forbidden,,KR,Seongnam,https://59.26.87.157:50000,Korea Telecom
https://119.195.168.105:12115,119.195.168.105,12115,https,403 Forbidden,,KR,Seongnam,https://119.195.168.105:12115,Korea Telecom
https://211.230.0.216:11310,211.230.0.216,11310,https,403 Forbidden,,KR,Seongnam,https://211.230.0.216:11310,Korea Telecom
112.162.23.229:12115,112.162.23.229,12115,http,,,KR,Seongnam,http://112.162.23.229:12115,Korea Telecom
https://121.175.118.75:12114,121.175.118.75,12114,https,403 Forbidden,,KR,Seongnam,https://121.175.118.75:12114,Korea Telecom
https://121.186.223.241:12114,121.186.223.241,12114,https,403 Forbidden,,KR,Seongnam,https://121.186.223.241:12114,Korea Telecom
https://59.14.40.188:12114,59.14.40.188,12114,https,403 Forbidden,,KR,Seongnam,https://59.14.40.188:12114,Korea Telecom
https://119.202.158.65:12114,119.202.158.65,12114,https,403 Forbidden,,KR,Seongnam,https://119.202.158.65:12114,Korea Telecom
https://121.155.79.15:12114,121.155.79.15,12114,https,403 Forbidden,,KR,Seongnam,https://121.155.79.15:12114,Korea Telecom
https://112.163.91.67:12114,112.163.91.67,12114,https,403 Forbidden,,KR,Seongnam,https://112.163.91.67:12114,Korea Telecom
https://119.194.59.224:12114,119.194.59.224,12114,https,403 Forbidden,,KR,Seongnam,https://119.194.59.224:12114,Korea Telecom
https://221.160.205.130:23424,221.160.205.130,23424,https,403 Forbidden,,KR,Cheonan,https://221.160.205.130:23424,Korea Telecom
https://218.147.223.43:12113,218.147.223.43,12113,https,403 Forbidden,,KR,Seongnam,https://218.147.223.43:12113,Korea Telecom
https://14.39.43.121:12113,14.39.43.121,12113,https,403 Forbidden,,KR,Seoul,https://14.39.43.121:12113,Korea Telecom
https://112.186.10.201:12113,112.186.10.201,12113,https,403 Forbidden,,KR,Suwon,https://112.186.10.201:12113,Korea Telecom
https://220.117.30.158:18571,220.117.30.158,18571,https,403 Forbidden,,KR,Seoul,https://220.117.30.158:18571,Korea Telecom
https://61.73.53.108:12113,61.73.53.108,12113,https,403 Forbidden,,KR,Seoul,https://61.73.53.108:12113,Korea Telecom
https://221.156.180.102:12113,221.156.180.102,12113,https,403 Forbidden,,KR,Seongnam,https://221.156.180.102:12113,Korea Telecom
https://121.156.160.206:12112,121.156.160.206,12112,https,403 Forbidden,,KR,Chungju,https://121.156.160.206:12112,Korea Telecom
https://61.75.247.158:12113,61.75.247.158,12113,https,403 Forbidden,,KR,Seongnam,https://61.75.247.158:12113,Korea Telecom
https://59.6.118.218:12112,59.6.118.218,12112,https,403 Forbidden,,KR,Seongnam,https://59.6.118.218:12112,Korea Telecom
https://119.194.73.69:12112,119.194.73.69,12112,https,403 Forbidden,,KR,Seongnam,https://119.194.73.69:12112,Korea Telecom
https://112.161.116.21:12111,112.161.116.21,12111,https,403 Forbidden,,KR,Seongnam,https://112.161.116.21:12111,Korea Telecom
https://59.0.95.15:12112,59.0.95.15,12112,https,403 Forbidden,,KR,Seongnam,https://59.0.95.15:12112,Korea Telecom
121.171.155.23:12111,121.171.155.23,12111,http,Attention Required! | Cloudflare,,KR,Namdong,http://121.171.155.23:12111,Korea Telecom
https://14.43.107.70:12111,14.43.107.70,12111,https,403 Forbidden,,KR,Seongnam,https://14.43.107.70:12111,Korea Telecom
https://14.43.108.144:29382,14.43.108.144,29382,https,403 Forbidden,,KR,Seongnam,https://14.43.108.144:29382,Korea Telecom
https://59.25.146.251:12111,59.25.146.251,12111,https,403 Forbidden,,KR,Seongnam,https://59.25.146.251:12111,Korea Telecom
https://118.36.141.27:12110,118.36.141.27,12110,https,403 Forbidden,,KR,Seoul,https://118.36.141.27:12110,Korea Telecom
https://222.99.209.10:50000,222.99.209.10,50000,https,403 Forbidden,,KR,Seongnam,https://222.99.209.10:50000,Korea Telecom
https://14.44.44.178:12110,14.44.44.178,12110,https,403 Forbidden,,KR,Seongnam,https://14.44.44.178:12110,Korea Telecom
https://211.185.2.191:12110,211.185.2.191,12110,https,403 Forbidden,,KR,Seongnam,https://211.185.2.191:12110,Korea Telecom
https://119.200.105.226:12110,119.200.105.226,12110,https,403 Forbidden,,KR,Mokpo,https://119.200.105.226:12110,Korea Telecom
https://59.22.106.24:12110,59.22.106.24,12110,https,403 Forbidden,,KR,Seongnam,https://59.22.106.24:12110,Korea Telecom
https://119.197.201.29:12110,119.197.201.29,12110,https,403 Forbidden,,KR,Namdong,https://119.197.201.29:12110,Korea Telecom
https://211.218.255.184:12110,211.218.255.184,12110,https,403 Forbidden,,KR,Seongnam,https://211.218.255.184:12110,Korea Telecom
https://59.25.146.251:12110,59.25.146.251,12110,https,403 Forbidden,,KR,Seongnam,https://59.25.146.251:12110,Korea Telecom
https://59.5.253.112:12110,59.5.253.112,12110,https,403 Forbidden,,KR,Seongnam,https://59.5.253.112:12110,Korea Telecom
https://211.106.93.14:12110,211.106.93.14,12110,https,403 Forbidden,,KR,Seongnam,https://211.106.93.14:12110,Korea Telecom
https://115.23.240.181:12109,115.23.240.181,12109,https,403 Forbidden,,KR,Seongnam,https://115.23.240.181:12109,Korea Telecom
https://14.45.204.55:12110,14.45.204.55,12110,https,403 Forbidden,,KR,Gumi,https://14.45.204.55:12110,Korea Telecom
https://222.113.18.214:12109,222.113.18.214,12109,https,403 Forbidden,,KR,Seongnam,https://222.113.18.214:12109,Korea Telecom
https://121.174.145.178:12109,121.174.145.178,12109,https,403 Forbidden,,KR,Seongnam,https://121.174.145.178:12109,Korea Telecom
211.230.198.202:12109,211.230.198.202,12109,http,,,KR,Seongnam,http://211.230.198.202:12109,Korea Telecom
https://125.141.54.180:12109,125.141.54.180,12109,https,403 Forbidden,,KR,Seongnam,https://125.141.54.180:12109,Korea Telecom
https://14.56.91.41:29090,14.56.91.41,29090,https,403 Forbidden,,KR,Seongnam,https://14.56.91.41:29090,Korea Telecom
https://119.195.104.2:12109,119.195.104.2,12109,https,403 Forbidden,,KR,Busan,https://119.195.104.2:12109,Korea Telecom
https://61.74.102.249:50000,61.74.102.249,50000,https,403 Forbidden,,KR,Seongnam,https://61.74.102.249:50000,Korea Telecom
https://59.6.178.149:18081,59.6.178.149,18081,https,403 Forbidden,,KR,Seongnam,https://59.6.178.149:18081,Korea Telecom
https://211.223.109.162:12109,211.223.109.162,12109,https,403 Forbidden,,KR,Haenam,https://211.223.109.162:12109,Korea Telecom
https://222.119.15.241:50000,222.119.15.241,50000,https,403 Forbidden,,KR,Seongnam,https://222.119.15.241:50000,Korea Telecom
https://61.85.107.90:11434,61.85.107.90,11434,https,403 Forbidden,,KR,Seongnam,https://61.85.107.90:11434,Korea Telecom
https://119.205.44.175:12108,119.205.44.175,12108,https,403 Forbidden,,KR,Seongnam,https://119.205.44.175:12108,Korea Telecom
https://112.185.117.92:12108,112.185.117.92,12108,https,403 Forbidden,,KR,Seongnam,https://112.185.117.92:12108,Korea Telecom
https://220.71.218.218:12108,220.71.218.218,12108,https,403 Forbidden,,KR,Seongnam,https://220.71.218.218:12108,Korea Telecom
https://121.136.134.150:12108,121.136.134.150,12108,https,403 Forbidden,,KR,Suwon,https://121.136.134.150:12108,Korea Telecom
https://121.182.151.211:12107,121.182.151.211,12107,https,403 Forbidden,,KR,Dalseong,https://121.182.151.211:12107,Korea Telecom
https://59.0.161.4:50000,59.0.161.4,50000,https,403 Forbidden,,KR,Seongnam,https://59.0.161.4:50000,Korea Telecom
https://59.31.41.166:12106,59.31.41.166,12106,https,403 Forbidden,,KR,Yeongwol,https://59.31.41.166:12106,Korea Telecom
https://121.175.56.182:50000,121.175.56.182,50000,https,403 Forbidden,,KR,Seongnam,https://121.175.56.182:50000,Korea Telecom
https://119.202.158.65:12107,119.202.158.65,12107,https,403 Forbidden,,KR,Seongnam,https://119.202.158.65:12107,Korea Telecom
https://119.203.218.24:28257,119.203.218.24,28257,https,403 Forbidden,,KR,Seongnam,https://119.203.218.24:28257,Korea Telecom
https://59.28.9.156:50000,59.28.9.156,50000,https,403 Forbidden,,KR,Seongnam,https://59.28.9.156:50000,Korea Telecom
https://175.201.30.37:12106,175.201.30.37,12106,https,403 Forbidden,,KR,Seongnam,https://175.201.30.37:12106,Korea Telecom
https://222.112.170.181:50000,222.112.170.181,50000,https,403 Forbidden,,KR,Seongnam,https://222.112.170.181:50000,Korea Telecom
https://175.201.84.61:12105,175.201.84.61,12105,https,403 Forbidden,,KR,Seongnam,https://175.201.84.61:12105,Korea Telecom
https://175.205.119.253:12105,175.205.119.253,12105,https,403 Forbidden,,KR,Cheongju,https://175.205.119.253:12105,Korea Telecom
https://121.146.145.43:12105,121.146.145.43,12105,https,403 Forbidden,,KR,Changwon,https://121.146.145.43:12105,Korea Telecom
https://218.148.4.254:12105,218.148.4.254,12105,https,403 Forbidden,,KR,Seongnam,https://218.148.4.254:12105,Korea Telecom
https://183.101.8.97:12105,183.101.8.97,12105,https,403 Forbidden,,KR,Seongnam,https://183.101.8.97:12105,Korea Telecom
https://222.102.84.30:12104,222.102.84.30,12104,https,403 Forbidden,,KR,Gwangju,https://222.102.84.30:12104,Korea Telecom
https://183.98.182.70:12104,183.98.182.70,12104,https,403 Forbidden,,KR,Seongnam,https://183.98.182.70:12104,Korea Telecom
https://119.195.77.103:12104,119.195.77.103,12104,https,403 Forbidden,,KR,Seongnam,https://119.195.77.103:12104,Korea Telecom
https://121.161.151.18:12104,121.161.151.18,12104,https,403 Forbidden,,KR,Seongnam,https://121.161.151.18:12104,Korea Telecom
https://211.55.213.199:12104,211.55.213.199,12104,https,403 Forbidden,,KR,Seongnam,https://211.55.213.199:12104,Korea Telecom
https://59.8.245.69:50000,59.8.245.69,50000,https,403 Forbidden,,KR,Seongnam,https://59.8.245.69:50000,Korea Telecom
https://211.57.29.229:12104,211.57.29.229,12104,https,403 Forbidden,,KR,Seoul,https://211.57.29.229:12104,Korea Telecom
https://222.120.90.174:12104,222.120.90.174,12104,https,403 Forbidden,,KR,Seongnam,https://222.120.90.174:12104,Korea Telecom
https://59.9.154.15:12103,59.9.154.15,12103,https,403 Forbidden,,KR,Seongnam,https://59.9.154.15:12103,Korea Telecom
https://220.95.34.103:12103,220.95.34.103,12103,https,403 Forbidden,,KR,Seongnam,https://220.95.34.103:12103,Korea Telecom
https://59.27.144.74:50000,59.27.144.74,50000,https,403 Forbidden,,KR,Seongnam,https://59.27.144.74:50000,Korea Telecom
https://222.120.90.174:12103,222.120.90.174,12103,https,403 Forbidden,,KR,Seongnam,https://222.120.90.174:12103,Korea Telecom
https://183.104.82.130:12103,183.104.82.130,12103,https,403 Forbidden,,KR,Geoje,https://183.104.82.130:12103,Korea Telecom
https://220.83.131.149:12103,220.83.131.149,12103,https,403 Forbidden,,KR,Seongnam,https://220.83.131.149:12103,Korea Telecom
https://121.160.125.55:12103,121.160.125.55,12103,https,403 Forbidden,,KR,Seongnam,https://121.160.125.55:12103,Korea Telecom
https://118.44.51.175:12103,118.44.51.175,12103,https,403 Forbidden,,KR,Seongnam,https://118.44.51.175:12103,Korea Telecom
https://221.166.196.218:12103,221.166.196.218,12103,https,403 Forbidden,,KR,Pohang,https://221.166.196.218:12103,Korea Telecom
https://210.222.205.94:12101,210.222.205.94,12101,https,403 Forbidden,,KR,Haenam,https://210.222.205.94:12101,Korea Telecom
https://14.54.26.190:12101,14.54.26.190,12101,https,403 Forbidden,,KR,Seongnam,https://14.54.26.190:12101,Korea Telecom
https://211.248.192.164:12101,211.248.192.164,12101,https,403 Forbidden,,KR,Seongnam,https://211.248.192.164:12101,Korea Telecom
https://112.162.200.89:12101,112.162.200.89,12101,https,403 Forbidden,,KR,Seongnam,https://112.162.200.89:12101,Korea Telecom
https://175.203.46.51:12101,175.203.46.51,12101,https,403 Forbidden,,KR,Seongnam,https://175.203.46.51:12101,Korea Telecom
https://125.142.168.166:12101,125.142.168.166,12101,https,403 Forbidden,,KR,Seongnam,https://125.142.168.166:12101,Korea Telecom
https://183.98.176.45:50000,183.98.176.45,50000,https,403 Forbidden,,KR,Seongnam,https://183.98.176.45:50000,Korea Telecom
https://121.164.75.109:12088,121.164.75.109,12088,https,403 Forbidden,,KR,Namyangju,https://121.164.75.109:12088,Korea Telecom
https://59.22.136.160:12088,59.22.136.160,12088,https,403 Forbidden,,KR,Seongnam,https://59.22.136.160:12088,Korea Telecom
175.214.251.155:12088,175.214.251.155,12088,http,,,KR,Seongnam,http://175.214.251.155:12088,Korea Telecom
https://121.165.57.214:12088,121.165.57.214,12088,https,403 Forbidden,,KR,Seongnam,https://121.165.57.214:12088,Korea Telecom
https://112.184.209.63:12088,112.184.209.63,12088,https,403 Forbidden,,KR,Sokcho,https://112.184.209.63:12088,Korea Telecom
https://210.222.205.94:12088,210.222.205.94,12088,https,403 Forbidden,,KR,Haenam,https://210.222.205.94:12088,Korea Telecom
https://220.77.92.229:12088,220.77.92.229,12088,https,403 Forbidden,,KR,Busan,https://220.77.92.229:12088,Korea Telecom
https://218.148.4.254:12084,218.148.4.254,12084,https,403 Forbidden,,KR,Seongnam,https://218.148.4.254:12084,Korea Telecom
https://221.156.150.179:12084,221.156.150.179,12084,https,403 Forbidden,,KR,Mokpo,https://221.156.150.179:12084,Korea Telecom
https://220.116.147.73:12084,220.116.147.73,12084,https,403 Forbidden,,KR,Seongnam,https://220.116.147.73:12084,Korea Telecom
https://183.97.111.205:50000,183.97.111.205,50000,https,403 Forbidden,,KR,Seongnam,https://183.97.111.205:50000,Korea Telecom
https://59.12.184.195:50000,59.12.184.195,50000,https,403 Forbidden,,KR,Seongnam,https://59.12.184.195:50000,Korea Telecom
https://59.16.86.130:37287,59.16.86.130,37287,https,403 Forbidden,,KR,Seongnam,https://59.16.86.130:37287,Korea Telecom
https://218.151.40.81:12084,218.151.40.81,12084,https,403 Forbidden,,KR,Iksan,https://218.151.40.81:12084,Korea Telecom
222.102.84.30:12082,222.102.84.30,12082,http,,,KR,Gwangju,http://222.102.84.30:12082,Korea Telecom
https://59.26.208.19:12082,59.26.208.19,12082,https,403 Forbidden,,KR,Seongnam,https://59.26.208.19:12082,Korea Telecom
https://220.71.216.216:16483,220.71.216.216,16483,https,403 Forbidden,,KR,Seongnam,https://220.71.216.216:16483,Korea Telecom
https://14.41.85.118:12082,14.41.85.118,12082,https,403 Forbidden,,KR,Seongnam,https://14.41.85.118:12082,Korea Telecom
https://14.35.27.166:12056,14.35.27.166,12056,https,403 Forbidden,,KR,Ansan,https://14.35.27.166:12056,Korea Telecom
https://59.9.205.27:32400,59.9.205.27,32400,https,403 Forbidden,,KR,Seongnam,https://59.9.205.27:32400,Korea Telecom
https://121.146.30.118:19888,121.146.30.118,19888,https,403 Forbidden,,KR,Seongnam,https://121.146.30.118:19888,Korea Telecom
https://222.114.215.70:50000,222.114.215.70,50000,https,403 Forbidden,,KR,Seongnam,https://222.114.215.70:50000,Korea Telecom
https://175.208.25.75:20002,175.208.25.75,20002,https,403 Forbidden,,KR,Buan,https://175.208.25.75:20002,Korea Telecom
https://125.136.51.42:12056,125.136.51.42,12056,https,403 Forbidden,,KR,Gwangju,https://125.136.51.42:12056,Korea Telecom
https://218.157.222.202:50000,218.157.222.202,50000,https,403 Forbidden,,KR,Andong,https://218.157.222.202:50000,Korea Telecom
https://221.167.79.231:12056,221.167.79.231,12056,https,403 Forbidden,,KR,Seongnam,https://221.167.79.231:12056,Korea Telecom
https://119.197.201.29:12056,119.197.201.29,12056,https,403 Forbidden,,KR,Namdong,https://119.197.201.29:12056,Korea Telecom
https://121.149.62.195:12019,121.149.62.195,12019,https,403 Forbidden,,KR,Seongnam,https://121.149.62.195:12019,Korea Telecom
https://220.86.43.135:50000,220.86.43.135,50000,https,403 Forbidden,,KR,Seongnam,https://220.86.43.135:50000,Korea Telecom
https://112.163.229.82:12056,112.163.229.82,12056,https,403 Forbidden,,KR,Seongnam,https://112.163.229.82:12056,Korea Telecom
https://121.155.43.98:12056,121.155.43.98,12056,https,403 Forbidden,,KR,Seongnam,https://121.155.43.98:12056,Korea Telecom
https://121.135.30.90:12056,121.135.30.90,12056,https,403 Forbidden,,KR,Seongnam,https://121.135.30.90:12056,Korea Telecom
https://121.183.196.21:12056,121.183.196.21,12056,https,403 Forbidden,,KR,Seongnam,https://121.183.196.21:12056,Korea Telecom
https://125.143.25.179:12019,125.143.25.179,12019,https,403 Forbidden,,KR,Seongnam,https://125.143.25.179:12019,Korea Telecom
https://211.218.242.52:12016,211.218.242.52,12016,https,403 Forbidden,,KR,Seoul,https://211.218.242.52:12016,Korea Telecom
https://211.35.150.157:12016,211.35.150.157,12016,https,403 Forbidden,,KR,Seongnam,https://211.35.150.157:12016,Korea Telecom
https://221.166.137.71:12016,221.166.137.71,12016,https,403 Forbidden,,KR,Seongnam,https://221.166.137.71:12016,Korea Telecom
https://210.222.205.94:12001,210.222.205.94,12001,https,403 Forbidden,,KR,Haenam,https://210.222.205.94:12001,Korea Telecom
https://210.123.225.3:12001,210.123.225.3,12001,https,403 Forbidden,,KR,Seoul,https://210.123.225.3:12001,Korea Telecom
https://59.25.82.79:12001,59.25.82.79,12001,https,403 Forbidden,,KR,Seongnam,https://59.25.82.79:12001,Korea Telecom
https://125.135.123.97:12604,125.135.123.97,12604,https,403 Forbidden,,KR,Seongnam,https://125.135.123.97:12604,Korea Telecom
https://183.96.235.97:16000,183.96.235.97,16000,https,403 Forbidden,,KR,Seongnam,https://183.96.235.97:16000,Korea Telecom
https://211.225.41.160:12001,211.225.41.160,12001,https,403 Forbidden,,KR,Seongnam,https://211.225.41.160:12001,Korea Telecom
https://59.4.161.71:23791,59.4.161.71,23791,https,403 Forbidden,,KR,Seongnam,https://59.4.161.71:23791,Korea Telecom
https://59.17.154.138:50000,59.17.154.138,50000,https,403 Forbidden,,KR,Seongnam,https://59.17.154.138:50000,Korea Telecom
https://121.145.245.158:12001,121.145.245.158,12001,https,403 Forbidden,,KR,Miryang,https://121.145.245.158:12001,Korea Telecom
https://14.43.84.254:12001,14.43.84.254,12001,https,403 Forbidden,,KR,Seongnam,https://14.43.84.254:12001,Korea Telecom
https://59.11.235.35:50000,59.11.235.35,50000,https,403 Forbidden,,KR,Seongnam,https://59.11.235.35:50000,Korea Telecom
https://59.1.166.218:29015,59.1.166.218,29015,https,403 Forbidden,,KR,Jeonju,https://59.1.166.218:29015,Korea Telecom
https://59.23.74.189:19603,59.23.74.189,19603,https,403 Forbidden,,KR,Seongnam,https://59.23.74.189:19603,Korea Telecom
https://221.156.234.100:19888,221.156.234.100,19888,https,403 Forbidden,,KR,Seongnam,https://221.156.234.100:19888,Korea Telecom
https://59.28.41.11:50000,59.28.41.11,50000,https,403 Forbidden,,KR,Seongnam,https://59.28.41.11:50000,Korea Telecom
121.188.254.222:11920,121.188.254.222,11920,http,,,KR,Seongnam,http://121.188.254.222:11920,Korea Telecom
https://121.142.137.147:33531,121.142.137.147,33531,https,403 Forbidden,,KR,Namdong,https://121.142.137.147:33531,Korea Telecom
121.177.172.206:40013,121.177.172.206,40013,http,,,KR,Seongnam,http://121.177.172.206:40013,Korea Telecom
https://221.165.8.35:50000,221.165.8.35,50000,https,403 Forbidden,,KR,Seongnam,https://221.165.8.35:50000,Korea Telecom
